Day,Mid,Bid,Ask,Spread,Drift,Volatility,Jump,News
0,100.108,95.1036,105.112,10.0088,0.000197923,0.000881934,0,No news
1,100.233,95.2279,105.238,10.0105,0.000197408,0.00105147,0,No news
2,100.498,95.4862,105.511,10.0245,0.000197316,0.00244561,0,No news
3,100.579,95.5759,105.582,10.006,0.000197228,0.000603304,0,No news
4,100.386,95.3969,105.376,9.97887,0.000197168,-0.00211337,0,No news
5,97.5207,92.5164,102.525,10.0086,0.000175476,0.000863507,-0.03,"Rumor: firm exploring strategic options"
6,97.504,92.5057,102.502,9.99654,0.000174332,-0.000346406,0,No news
7,97.4955,92.4969,102.494,9.99717,0.000196527,-0.000283053,0,No news
8,97.5231,92.5227,102.524,10.0008,0.0001978,8.49865e-05,0,No news
9,97.4174,92.4238,102.411,9.98718,0.000197789,-0.00128217,0,No news
10,97.3196,92.3256,102.314,9.98798,0.000197481,-0.00120172,0,No news
11,97.3239,92.3247,102.323,9.99846,0.000197653,-0.000153749,0,No news
12,97.2455,92.2506,102.241,9.98997,0.000197384,-0.00100281,0,No news
13,96.8695,91.8899,101.849,9.95929,0.000197345,-0.00407144,0,No news
14,97.0192,92.0125,102.026,10.0135,0.000197221,0.00134657,0,No news
15,97.0546,92.0537,102.055,10.0017,0.000196247,0.00016807,0,No news
16,97.3668,92.3517,102.382,10.0302,0.000196449,0.00301553,0,No news
17,97.3858,92.3858,102.386,9.99999,0.000196239,-1.17159e-06,0,No news
18,97.6778,92.6638,102.692,10.028,0.000196609,0.00279781,0,No news
19,93.0967,88.0877,98.1058,10.0181,0.000152084,0.00181238,-0.05,"Global macro uncertainty rises"
20,92.7108,87.7323,97.6892,9.95696,0.00014925,-0.00430379,0,No news
21,92.6163,87.6221,97.6104,9.98831,0.000149542,-0.0011695,0,No news
22,92.6363,87.6362,97.6364,10.0002,0.000195956,2.05794e-05,0,No news
23,92.4568,87.4675,97.4461,9.97864,0.000197022,-0.00213637,0,No news
24,92.4094,87.413,97.4059,9.9929,0.000196903,-0.00070951,0,No news
25,92.4285,87.4284,97.4285,10.0001,0.000196615,9.43137e-06,0,No news
26,92.6341,87.6239,97.6442,10.0203,0.000196375,0.00202524,0,No news
27,92.9156,87.9014,97.9298,10.0284,0.000196333,0.00283855,0,No news
28,92.8418,87.8468,97.8369,9.99009,0.000196555,-0.000990943,0,No news
29,92.6099,87.6234,97.5965,9.97303,0.000196073,-0.00269695,0,No news
30,92.524,87.5296,97.5184,9.98876,0.000195765,-0.00112389,0,No news
31,92.3699,87.3792,97.3606,9.98137,0.000195584,-0.00186304,0,No news
32,92.548,87.5394,97.5567,10.0173,0.000195326,0.00173129,0,No news
33,92.6782,87.6722,97.6843,10.0121,0.000194845,0.00121122,0,No news
34,92.6946,87.6947,97.6945,9.99981,0.000195177,-1.88967e-05,0,No news
35,92.7686,87.7656,97.7717,10.006,0.000194997,0.000603815,0,No news
36,92.9559,87.9468,97.965,10.0182,0.000196208,0.00182041,0,No news
37,93.1022,88.0954,98.1091,10.0138,0.000195676,0.0013773,0,No news
38,93.2418,88.2353,98.2483,10.013,0.000196037,0.00130185,0,No news
39,93.2021,88.2052,98.199,9.99377,0.000196822,-0.000622522,0,No news
40,93.1979,88.1992,98.1967,9.99758,0.000197305,-0.000242077,0,No news
41,93.0916,88.0983,98.0849,9.98661,0.000197049,-0.00133862,0,No news
42,93.2379,88.231,98.2448,10.0137,0.000196886,0.00137311,0,No news
43,93.1635,88.1685,98.1585,9.99004,0.000197418,-0.000995795,0,No news
44,93.0143,88.0233,98.0053,9.982,0.000198063,-0.00180029,0,No news
45,93.0446,88.0439,98.0452,10.0013,0.000198249,0.000126792,0,No news
46,93.024,88.0261,98.0219,9.99581,0.000197948,-0.000418832,0,No news
47,93.0792,88.0772,98.0812,10.004,0.000197963,0.000395032,0,No news
48,92.9661,87.9732,97.9591,9.98587,0.000198076,-0.00141335,0,No news
49,92.9679,87.9688,97.967,9.99821,0.000197992,-0.000178684,0,No news
50,93.0662,88.0619,98.0705,10.0086,0.000197603,0.00085895,0,No news
51,92.9869,87.9921,97.9816,9.98949,0.000197693,-0.00105077,0,No news
52,93.0656,88.0623,98.0688,10.0065,0.00019762,0.000648343,0,No news
53,93.0974,88.0967,98.0981,10.0014,0.000197665,0.00014434,0,No news
54,93.1352,88.1342,98.1363,10.0021,0.000197814,0.000208658,0,No news
55,93.218,88.2146,98.2215,10.0069,0.000197202,0.000691231,0,No news
56,96.0448,91.0465,101.043,9.99657,0.000216339,-0.000342757,0.03,"Rumor: firm exploring strategic options"
57,95.9281,90.9352,100.921,9.98567,0.00021666,-0.00143256,0,No news
58,95.8349,90.8407,100.829,9.9883,0.000197609,-0.00116982,0,No news
59,95.8896,90.8877,100.891,10.0037,0.000197262,0.000373245,0,No news
60,96.0968,91.0869,101.107,10.0196,0.000197357,0.00196115,0,No news
61,96.2746,91.2663,101.283,10.0165,0.000196746,0.00165223,0,No news
62,96.4798,91.4702,101.49,10.0193,0.000196703,0.00193291,0,No news
63,101.789,96.7725,106.805,10.0329,0.000272902,0.00329469,0.05,"Firm reports quarterly earnings"
64,101.888,96.8846,106.892,10.0078,0.000195298,0.000781813,0,No news
65,102.065,97.0574,107.073,10.0154,0.000196276,0.00153555,0,No news
66,101.999,97.0034,106.995,9.99158,0.000195423,-0.000841541,0,No news
67,101.885,96.8912,106.878,9.98682,0.000195265,-0.00131845,0,No news
68,101.7,96.7103,106.69,9.97994,0.00019495,-0.00200632,0,No news
69,101.723,96.7227,106.723,10.0003,0.000194709,2.69256e-05,0,No news
70,101.636,96.6415,106.631,9.98956,0.000193641,-0.00104443,0,No news
71,101.57,96.5746,106.566,9.99156,0.000194623,-0.000843725,0,No news
72,102.073,97.0489,107.096,10.0474,0.000194206,0.00473862,0,No news
73,102.21,97.2041,107.216,10.0115,0.000195033,0.00114826,0,No news
74,102.461,97.4498,107.472,10.0226,0.000195435,0.00225979,0,No news
75,101.941,96.9677,106.915,9.94718,0.000196226,-0.00528248,0,No news
76,102.023,97.0203,107.026,10.0061,0.000195608,0.000608895,0,No news
77,102.234,97.2246,107.243,10.0187,0.000195519,0.00186672,0,No news
78,102.205,97.2072,107.202,9.99519,0.000195817,-0.000480755,0,No news
79,104.915,99.9352,109.895,9.95962,0.000209939,-0.00403788,0.03,"Rumor: firm exploring strategic options"
80,104.631,99.6453,109.616,9.97074,0.000211183,-0.00292552,0,No news
81,104.573,99.5772,109.57,9.99259,0.000195279,-0.000741468,0,No news
82,112.135,107.187,117.083,9.89587,0.000228676,-0.0104131,0.08,"Global macro uncertainty rises | Rumor: firm exploring strategic options"
83,112.199,107.197,117.2,10.0034,0.000225233,0.000340229,0,No news
84,111.765,106.786,116.745,9.95906,0.000221942,-0.00409407,0,No news
85,112.08,107.067,117.093,10.0262,0.000193818,0.00262175,0,No news
86,112.228,107.222,117.234,10.0112,0.000194367,0.00112291,0,No news
87,113.009,107.976,118.043,10.0674,0.000194569,0.00674482,0,No news
88,113.008,108.009,118.007,9.99791,0.000193723,-0.000208611,0,No news
89,113.069,108.068,118.071,10.0035,0.000194723,0.000350363,0,No news
90,113.243,108.236,118.25,10.0134,0.0001951,0.00134073,0,No news
91,113.504,108.494,118.515,10.0211,0.000196073,0.00210797,0,No news
92,113.545,108.545,118.546,10.0017,0.000195851,0.000165862,0,No news
93,113.614,108.612,118.616,10.0041,0.000196198,0.000411086,0,No news
94,113.3,108.315,118.285,9.97034,0.000196359,-0.00296561,0,No news
95,113.272,108.274,118.27,9.99556,0.000196946,-0.000443574,0,No news
96,113.306,108.306,118.307,10.001,0.000197432,0.00010287,0,No news
97,113.384,108.381,118.386,10.0049,0.000198274,0.000485704,0,No news
98,113.436,108.434,118.437,10.0026,0.000198144,0.000258724,0,No news
99,113.175,108.188,118.163,9.97503,0.000197591,-0.00249672,0,No news
100,113.273,108.269,118.276,10.0066,0.000198053,0.00066206,0,No news
101,113.338,108.336,118.34,10.0038,0.000198135,0.000378456,0,No news
102,113.205,108.212,118.198,9.98631,0.000198032,-0.00136871,0,No news
103,113.138,108.142,118.134,9.99205,0.000198177,-0.000795003,0,No news
104,113.36,108.351,118.369,10.0176,0.000197616,0.00176359,0,No news
105,113.298,108.302,118.295,9.9926,0.00019738,-0.00074039,0,No news
106,113.368,108.365,118.37,10.0041,0.000197168,0.000413842,0,No news
107,113.227,108.234,118.219,9.9856,0.000197221,-0.00144018,0,No news
108,113.259,108.259,118.26,10.0009,0.000196968,9.08542e-05,0,No news
109,113.368,108.364,118.371,10.0076,0.000197709,0.000757375,0,No news
110,113.438,108.435,118.44,10.0042,0.00019787,0.000419959,0,No news
111,113.487,108.486,118.488,10.0024,0.000198205,0.000237772,0,No news
112,113.312,108.321,118.303,9.98257,0.000198187,-0.00174292,0,No news
113,116.789,111.789,121.789,10.0001,0.000218131,5.79844e-06,0.03,"Rumor: firm exploring strategic options"
114,116.9,111.896,121.904,10.0073,0.000217932,0.00073432,0,No news
115,116.93,111.93,121.931,10.0006,0.000198387,6.09378e-05,0,No news
116,116.924,111.925,121.922,9.99742,0.000198388,-0.000257851,0,No news
117,116.932,111.932,121.931,9.99873,0.000198388,-0.00012703,0,No news
118,117.04,112.036,122.043,10.0072,0.00019827,0.000723023,0,No news
119,116.97,111.974,121.966,9.99208,0.000198246,-0.000791993,0,No news
120,116.832,111.839,121.825,9.98621,0.000197792,-0.00137912,0,No news
121,116.695,111.702,121.688,9.98629,0.000197805,-0.00137088,0,No news
122,116.626,111.63,121.622,9.99211,0.000198069,-0.000788928,0,No news
123,116.613,111.614,121.611,9.99688,0.000198283,-0.000311964,0,No news
124,116.647,111.646,121.647,10.0009,0.000198408,9.20787e-05,0,No news
125,116.67,111.67,121.67,10,0.000198413,1.71295e-06,0,No news
126,122.681,117.681,127.681,9.9996,0.000277768,-3.96221e-05,0.05,"Firm reports quarterly earnings"
127,122.723,117.722,127.724,10.0014,0.000198126,0.000141991,0,No news
128,122.736,117.736,127.735,9.99906,0.000198183,-9.37294e-05,0,No news
129,122.776,117.775,127.777,10.0013,0.000197952,0.000130029,0,No news
130,123.009,118,128.017,10.0169,0.00019795,0.00169443,0,No news
131,122.823,117.832,127.815,9.98294,0.000198001,-0.0017062,0,No news
132,122.931,117.928,127.935,10.0068,0.000197967,0.000680756,0,No news
133,122.925,117.926,127.924,9.99752,0.000197829,-0.000247703,0,No news
134,122.833,117.837,127.828,9.9905,0.00019795,-0.000949663,0,No news
135,122.807,117.809,127.805,9.99595,0.000197801,-0.000405041,0,No news
136,122.875,117.873,127.877,10.0035,0.00019794,0.000354598,0,No news
137,122.747,117.753,127.741,9.98759,0.000197907,-0.00124107,0,No news
138,122.617,117.623,127.611,9.98745,0.000197442,-0.00125485,0,No news
139,122.568,117.571,127.565,9.99397,0.000197959,-0.000603088,0,No news
140,122.806,117.797,127.814,10.0174,0.000197754,0.00174236,0,No news
141,122.946,117.942,127.951,10.0095,0.000197738,0.000948127,0,No news
142,122.993,117.992,127.994,10.0018,0.000197599,0.00018028,0,No news
143,122.991,117.992,127.99,9.9979,0.00019695,-0.000210058,0,No news
144,122.904,117.909,127.9,9.99096,0.000196497,-0.000903578,0,No news
145,123.067,118.061,128.073,10.0113,0.000197415,0.00112644,0,No news
146,122.851,117.861,127.842,9.98049,0.0001963,-0.00195116,0,No news
147,119.08,114.087,124.073,9.98646,0.000176342,-0.00135392,-0.03,"Rumor: firm exploring strategic options"
148,119.438,114.424,124.452,10.0282,0.000176075,0.00282393,0,No news
149,119.466,114.466,124.467,10.0004,0.00019776,3.95971e-05,0,No news
150,115.786,110.794,120.779,9.98536,0.000176169,-0.00146445,-0.03,"Rumor: firm exploring strategic options"
151,115.851,110.849,120.853,10.0038,0.000177811,0.000377973,0,No news
152,115.937,110.934,120.939,10.0054,0.000198234,0.000543,0,No news
153,116.028,111.025,121.031,10.0059,0.000198158,0.000589084,0,No news
154,116.052,111.052,121.052,10.0001,0.000198413,7.14668e-06,0,No news
155,116.123,111.121,121.125,10.0041,0.000198377,0.000412718,0,No news
156,116.147,111.147,121.147,10.0001,0.000198413,7.94092e-06,0,No news
157,116.169,111.169,121.169,9.99997,0.000198413,-3.10979e-06,0,No news
158,116.192,111.192,121.192,9.99999,0.000198413,-5.24718e-07,0,No news
159,116.216,111.216,121.216,10,0.000198413,3.14298e-06,0,No news
160,116.225,111.226,121.224,9.99882,0.000198362,-0.000118388,0,No news
161,116.274,111.273,121.275,10.0022,0.0001983,0.000223754,0,No news
162,116.405,111.4,121.409,10.0092,0.000197807,0.000923983,0,No news
163,116.549,111.544,121.554,10.0104,0.000197515,0.00104089,0,No news
164,116.58,111.58,121.58,10.0007,0.000198054,6.83544e-05,0,No news
165,116.571,111.573,121.57,9.99728,0.000197247,-0.000271538,0,No news
166,116.639,111.637,121.641,10.0038,0.000196893,0.00038339,0,No news
167,116.26,111.278,121.243,9.96553,0.00019644,-0.00344664,0,No news
168,116.475,111.467,121.484,10.0165,0.000196593,0.00165042,0,No news
169,116.444,111.446,121.442,9.99534,0.000195979,-0.000466371,0,No news
170,116.287,111.295,121.28,9.9846,0.000196465,-0.0015404,0,No news
171,111.287,106.257,116.316,10.0589,0.000150104,0.00589447,-0.05,"Global macro uncertainty rises"
172,111.033,106.045,116.021,9.97568,0.00014878,-0.00243169,0,No news
173,110.754,105.767,115.74,9.9733,0.000152056,-0.00266981,0,No news
174,110.744,105.745,115.742,9.99714,0.000196918,-0.000285879,0,No news
175,110.788,105.787,115.789,10.002,0.000197351,0.000201791,0,No news
176,110.718,105.722,115.714,9.99167,0.000197393,-0.00083319,0,No news
177,110.677,105.68,115.674,9.99437,0.000197676,-0.000562625,0,No news
178,110.731,105.73,115.732,10.0029,0.000197867,0.000287096,0,No news
179,110.54,105.55,115.531,9.98078,0.000197787,-0.00192151,0,No news
180,110.357,105.366,115.348,9.98144,0.000196977,-0.00185633,0,No news
181,110.301,105.305,115.298,9.99299,0.000196725,-0.000700702,0,No news
182,110.596,105.583,115.608,10.0247,0.000196731,0.00246861,0,No news
183,110.683,105.68,115.686,10.0059,0.000196909,0.000590253,0,No news
184,110.876,105.868,115.883,10.0154,0.000196505,0.00154331,0,No news
185,110.842,105.844,115.839,9.99498,0.000196458,-0.000501942,0,No news
186,110.839,105.84,115.838,9.99776,0.000196223,-0.000224244,0,No news
187,111.077,106.068,116.087,10.0196,0.000196616,0.00195571,0,No news
188,111.5,106.482,116.518,10.036,0.000196766,0.00359657,0,No news
189,116.523,111.554,121.492,9.93797,0.000274285,-0.00620311,0.05,"Firm reports quarterly earnings"
190,116.495,111.498,121.493,9.99563,0.000196942,-0.000436683,0,No news
191,111.186,106.17,116.202,10.0319,0.000154646,0.00319491,-0.05,"Global macro uncertainty rises"
192,111.222,106.222,116.223,10.0018,0.000154037,0.00017615,0,No news
193,111.426,106.418,116.435,10.0168,0.000150409,0.00167931,0,No news
194,111.652,106.643,116.661,10.0183,0.000195794,0.00183186,0,No news
195,111.552,106.557,116.546,9.98905,0.00019528,-0.00109479,0,No news
196,111.017,106.042,115.992,9.94997,0.000195868,-0.00500345,0,No news
197,110.966,105.969,115.963,9.99345,0.000196045,-0.000655425,0,No news
198,111.4,106.381,116.419,10.0371,0.000196028,0.00370817,0,No news
199,112.029,107.001,117.056,10.0543,0.000195399,0.00543086,0,No news
200,111.501,106.526,116.476,9.95085,0.000194247,-0.00491464,0,No news
201,111.257,106.269,116.246,9.97619,0.000194564,-0.00238068,0,No news
202,110.957,105.971,115.942,9.97099,0.000193349,-0.002901,0,No news
203,110.886,105.89,115.882,9.99167,0.000194321,-0.000833264,0,No news
204,111.15,106.139,116.161,10.0219,0.000192885,0.00218703,0,No news
205,111.236,106.233,116.238,10.0058,0.000192772,0.000576704,0,No news
206,111.447,106.439,116.456,10.0171,0.000192082,0.00170807,0,No news
207,111.825,106.809,116.841,10.0319,0.000192151,0.00318965,0,No news
208,112.203,107.187,117.219,10.0318,0.000192506,0.00318499,0,No news
209,111.854,106.871,116.838,9.96696,0.000193152,-0.00330381,0,No news
210,112.125,107.114,117.137,10.0223,0.000192847,0.00222672,0,No news
211,112.239,107.235,117.243,10.0082,0.000192755,0.000818159,0,No news
212,111.296,106.339,116.253,9.91374,0.000192222,-0.00862601,0,No news
213,110.838,105.859,115.816,9.95677,0.000192711,-0.00432278,0,No news
214,111.018,106.011,116.025,10.0144,0.000192789,0.00143554,0,No news
215,110.66,105.677,115.643,9.96577,0.000191667,-0.0034226,0,No news
216,110.602,105.605,115.598,9.99282,0.000191624,-0.000717736,0,No news
217,110.451,105.459,115.443,9.98442,0.000193675,-0.00155832,0,No news
218,110.649,105.641,115.657,10.0159,0.000194756,0.00159347,0,No news
219,110.438,105.448,115.427,9.97897,0.000195867,-0.00210284,0,No news
220,110.402,105.405,115.4,9.99481,0.000197143,-0.000519295,0,No news
221,116.22,111.215,121.226,10.0112,0.000234443,0.00112114,0.05,"Global macro uncertainty rises"
222,116.29,111.289,121.292,10.0037,0.000233255,0.000370437,0,No news
223,116.059,111.07,121.048,9.97776,0.000235404,-0.00222427,0,No news
224,115.93,110.936,120.923,9.98685,0.000197812,-0.0013151,0,No news
225,116.03,111.027,121.034,10.0067,0.000197363,0.000669134,0,No news
226,119.15,114.168,124.131,9.96317,0.000215091,-0.00368337,0.03,"Rumor: firm exploring strategic options"
227,118.862,113.875,123.848,9.97364,0.00021392,-0.00263638,0,No news
228,118.858,113.859,123.857,9.99775,0.000196847,-0.000224909,0,No news
229,118.719,113.726,123.712,9.98629,0.000197746,-0.00137095,0,No news
230,118.919,113.912,123.927,10.0149,0.000198174,0.00148878,0,No news
231,118.965,113.964,123.966,10.0018,0.000198138,0.000183914,0,No news
232,118.982,113.983,123.982,9.9995,0.000198288,-5.00086e-05,0,No news
233,119.054,114.052,124.056,10.004,0.000198254,0.000402346,0,No news
234,113.268,108.268,118.268,10.0002,0.00015873,1.88415e-05,-0.05,"Global macro uncertainty rises"
235,113.185,108.19,118.181,9.99113,0.000158336,-0.000887427,0,No news
236,113.059,108.066,118.053,9.9873,0.000157733,-0.00127003,0,No news
237,113.164,108.16,118.167,10.0072,0.00019825,0.000723175,0,No news
238,113.165,108.166,118.164,9.99812,0.000198357,-0.000187773,0,No news
239,113.251,108.248,118.254,10.0057,0.000198363,0.000565726,0,No news
240,113.273,108.273,118.273,9.99993,0.000198413,-6.81666e-06,0,No news
241,113.28,108.281,118.28,9.99867,0.000198388,-0.000132781,0,No news
242,113.316,108.315,118.316,10.0011,0.000198288,0.000114946,0,No news
243,113.333,108.333,118.332,9.9995,0.000198327,-4.9786e-05,0,No news
244,113.326,108.327,118.324,9.99739,0.000198225,-0.000260639,0,No news
245,113.31,108.312,118.308,9.99664,0.000198147,-0.00033562,0,No news
246,113.189,108.195,118.183,9.98733,0.000197646,-0.00126709,0,No news
247,113.186,108.187,118.185,9.99774,0.000198106,-0.000225872,0,No news
248,113.306,108.302,118.311,10.0087,0.000198251,0.000866213,0,No news
249,113.403,108.4,118.406,10.0065,0.000198199,0.000652286,0,No news
250,113.426,108.426,118.426,10.0001,0.000198413,5.51403e-06,0,No news
251,113.448,108.448,118.448,9.99998,0.000198413,-1.99269e-06,0,No news
252,119.3,114.3,124.3,10.0002,0.000277486,1.71921e-05,0.05,"Firm reports quarterly earnings"
253,119.262,114.264,124.259,9.99483,0.000198232,-0.000517275,0,No news
254,119.276,114.276,124.275,9.99916,0.000198267,-8.38827e-05,0,No news
255,119.36,114.357,124.362,10.0051,0.00019821,0.000508882,0,No news
256,119.328,114.33,124.325,9.99531,0.000198399,-0.000468692,0,No news
257,119.412,114.409,124.414,10.0051,0.000198182,0.000506879,0,No news
258,119.416,114.417,124.415,9.99837,0.000198338,-0.000162627,0,No news
259,119.432,114.432,124.432,9.99936,0.00019841,-6.43916e-05,0,No news
260,119.457,114.457,124.457,10.0001,0.000198413,6.58949e-06,0,No news
261,119.48,114.48,124.48,10,0.000198413,-4.834e-07,0,No news
262,119.528,114.527,124.529,10.002,0.000198408,0.000202091,0,No news
263,119.558,114.558,124.558,10.0005,0.000198288,5.26775e-05,0,No news
264,119.619,114.617,124.62,10.0031,0.000198401,0.000307333,0,No news
265,119.591,114.593,124.589,9.99571,0.000198393,-0.00042862,0,No news
266,119.591,114.592,124.59,9.99798,0.000198403,-0.00020229,0,No news
267,119.669,114.667,124.671,10.0046,0.000198356,0.000456119,0,No news
268,119.631,114.633,124.628,9.99485,0.000197911,-0.00051481,0,No news
269,119.695,114.693,124.696,10.0033,0.00019835,0.000334831,0,No news
270,119.663,114.665,124.661,9.99537,0.000198315,-0.000462944,0,No news
271,119.728,114.727,124.73,10.0035,0.000198163,0.000347259,0,No news
272,119.735,114.735,124.734,9.99855,0.000197557,-0.000145151,0,No news
273,119.841,114.838,124.845,10.0069,0.000197352,0.000692521,0,No news
274,119.657,114.665,124.648,9.98261,0.000197454,-0.00173904,0,No news
275,119.546,114.551,124.54,9.98874,0.000197046,-0.00112575,0,No news
276,120.022,115.003,125.041,10.0378,0.000196352,0.00377885,0,No news
277,120.144,115.14,125.148,10.0082,0.000196643,0.000824729,0,No news
278,119.841,114.854,124.827,9.97274,0.00019698,-0.00272623,0,No news
279,120.269,115.252,125.285,10.0337,0.000196827,0.00336542,0,No news
280,123.724,118.734,128.715,9.98115,0.000214715,-0.00188513,0.03,"Rumor: firm exploring strategic options"
281,123.981,118.971,128.99,10.0185,0.000214089,0.00185413,0,No news
282,124.02,119.02,129.021,10.0012,0.000197175,0.000123317,0,No news
283,123.842,118.85,128.833,9.98361,0.000197309,-0.00163884,0,No news
284,123.704,118.71,128.697,9.9869,0.000197385,-0.00131001,0,No news
285,123.662,118.665,128.66,9.99466,0.000197677,-0.000534069,0,No news
286,123.891,118.883,128.9,10.0165,0.00019774,0.00165203,0,No news
287,124.127,119.119,129.136,10.017,0.000198233,0.0017031,0,No news
288,124.116,119.118,129.115,9.99716,0.000198255,-0.000283889,0,No news
289,124.164,119.163,129.164,10.0018,0.000198259,0.000181193,0,No news
290,124.237,119.235,129.239,10.004,0.000198341,0.000396961,0,No news
291,124.27,119.27,129.271,10.0007,0.000198197,6.53882e-05,0,No news
292,124.336,119.334,129.338,10.0033,0.000198254,0.000329961,0,No news
293,124.466,119.462,129.471,10.0085,0.000198163,0.000850656,0,No news
294,124.468,119.469,129.467,9.99818,0.000197805,-0.000182164,0,No news
295,124.524,119.523,129.525,10.0025,0.00019785,0.000250575,0,No news
296,124.757,119.748,129.765,10.0167,0.000196528,0.00167035,0,No news
297,124.92,119.914,129.925,10.0111,0.000196056,0.00110736,0,No news
298,124.559,119.574,129.543,9.96911,0.000196968,-0.00308937,0,No news
299,124.963,119.947,129.978,10.0304,0.000197025,0.00304022,0,No news
300,124.984,119.984,129.984,9.99972,0.000197551,-2.79752e-05,0,No news
301,125.108,120.104,130.112,10.008,0.000197266,0.000795187,0,No news
302,124.97,119.976,129.963,9.98696,0.000197477,-0.00130439,0,No news
303,125.3,120.288,130.313,10.0245,0.000197743,0.00244672,0,No news
304,125.185,120.191,130.18,9.98883,0.000197571,-0.00111694,0,No news
305,125.105,120.109,130.101,9.9916,0.000197961,-0.000839854,0,No news
306,124.903,119.912,129.893,9.98183,0.000197306,-0.00181657,0,No news
307,124.653,119.664,129.642,9.97804,0.00019697,-0.002196,0,No news
308,118.662,113.659,123.665,10.0059,0.000156289,0.00058775,-0.05,"Global macro uncertainty rises"
309,118.459,113.468,123.45,9.98135,0.000154348,-0.00186546,0,No news
310,114.92,109.922,119.918,9.99532,0.00013495,-0.00046753,-0.03,"Rumor: firm exploring strategic options"
311,114.951,109.95,119.951,10.0009,0.000177008,9.04299e-05,0,No news
312,114.73,109.741,119.719,9.97881,0.000197656,-0.00211891,0,No news
313,114.653,109.658,119.649,9.99134,0.00019738,-0.000865765,0,No news
314,114.612,109.615,119.609,9.99444,0.000197164,-0.000556203,0,No news
315,114.594,109.596,119.592,9.99648,0.000196299,-0.000352435,0,No news
316,115.049,110.031,120.068,10.0377,0.000196935,0.00376754,0,No news
317,109.155,104.169,114.141,9.97254,0.000152925,-0.00274559,-0.05,"Global macro uncertainty rises"
318,108.771,103.789,113.752,9.9632,0.000152741,-0.00367977,0,No news
319,108.691,103.695,113.686,9.99107,0.000154946,-0.00089288,0,No news
320,108.713,103.713,113.713,10.0001,0.00019745,1.25364e-05,0,No news
321,108.712,103.713,113.711,9.99791,0.000197478,-0.000209344,0,No news
322,108.81,103.807,113.814,10.007,0.000197629,0.000704298,0,No news
323,108.864,103.863,113.866,10.003,0.000197584,0.000298499,0,No news
324,108.81,103.813,113.806,9.99302,0.000197892,-0.000698407,0,No news
325,108.987,103.979,113.994,10.0143,0.00019761,0.00142722,0,No news
326,108.895,103.9,113.89,9.98961,0.000197341,-0.00103931,0,No news
327,108.922,103.922,113.923,10.0006,0.000197634,5.53359e-05,0,No news
328,109.197,104.186,114.209,10.0232,0.000197721,0.00232164,0,No news
329,109.188,104.19,114.187,9.9972,0.000197913,-0.000280015,0,No news
330,109.186,104.187,114.185,9.99783,0.000198177,-0.000216579,0,No news
331,109.222,104.221,114.223,10.0013,0.000198205,0.000128209,0,No news
332,109.239,104.239,114.239,9.99958,0.000198292,-4.1584e-05,0,No news
333,109.286,104.285,114.287,10.0023,0.000198272,0.000231264,0,No news
334,109.212,104.216,114.207,9.99123,0.000198216,-0.000877466,0,No news
335,109.24,104.24,114.241,10.0006,0.000198412,6.3251e-05,0,No news
336,109.254,104.254,114.253,9.99923,0.000198387,-7.72201e-05,0,No news
337,109.276,104.276,114.276,10,0.000198401,2.94122e-06,0,No news
338,109.244,104.246,114.242,9.99514,0.000198335,-0.000486314,0,No news
339,109.245,104.246,114.244,9.99812,0.000198194,-0.000187847,0,No news
340,109.305,104.303,114.307,10.0035,0.00019827,0.000348557,0,No news
341,103.842,98.849,108.835,9.9857,0.000158193,-0.00143048,-0.05,"Global macro uncertainty rises"
342,103.896,98.8945,108.898,10.0037,0.000158299,0.000365828,0,No news
343,103.881,98.8823,108.879,9.99693,0.000157876,-0.000307218,0,No news
344,103.935,98.933,108.936,10.0032,0.000197908,0.000319725,0,No news
345,104.181,99.1697,109.191,10.0217,0.00019808,0.00216554,0,No news
346,104.195,99.1956,109.195,9.99944,0.000198374,-5.61579e-05,0,No news
347,104.207,99.2072,109.206,9.99911,0.000198399,-8.91509e-05,0,No news
348,104.15,99.1534,109.146,9.99253,0.000198299,-0.000746544,0,No news
349,104.233,99.2296,109.236,10.006,0.00019824,0.000597728,0,No news
350,107.475,102.473,112.477,10.0042,0.000218222,0.000416693,0.03,"Rumor: firm exploring strategic options"
351,107.704,102.694,112.714,10.0191,0.00021725,0.0019103,0,No news
352,107.732,102.732,112.733,10.0006,0.000198106,6.42411e-05,0,No news
353,107.923,102.915,112.93,10.0157,0.00019812,0.0015665,0,No news
354,107.949,102.949,112.949,10.0005,0.000198231,4.78825e-05,0,No news
355,107.945,102.946,112.944,9.99764,0.000198022,-0.000235743,0,No news
356,107.99,102.989,112.991,10.0022,0.000197947,0.000218603,0,No news
357,108.202,103.193,113.211,10.0176,0.000197852,0.00176466,0,No news
358,108.357,103.351,113.363,10.0124,0.000197266,0.00123557,0,No news
359,108.564,103.556,113.573,10.0171,0.000196856,0.00171091,0,No news
360,108.817,103.806,113.828,10.0213,0.000197241,0.00212906,0,No news
361,108.845,103.845,113.845,10.0006,0.000197658,5.95203e-05,0,No news
362,108.91,103.908,113.912,10.004,0.000196746,0.000400411,0,No news
363,108.816,103.821,113.81,9.98936,0.000197177,-0.00106388,0,No news
364,108.712,103.717,113.706,9.98845,0.000197124,-0.00115452,0,No news
365,108.347,103.365,113.329,9.96441,0.00019694,-0.00355909,0,No news
366,108.114,103.126,113.102,9.97651,0.000196643,-0.00234891,0,No news
367,108.174,103.173,113.176,10.0036,0.000196217,0.000364137,0,No news
368,107.779,102.798,112.76,9.96142,0.000196082,-0.00385773,0,No news
369,107.722,102.726,112.719,9.99278,0.000197052,-0.000721816,0,No news
370,107.624,102.63,112.618,9.98889,0.000196827,-0.00111115,0,No news
371,107.467,102.475,112.459,9.98344,0.000196502,-0.00165627,0,No news
372,107.27,102.28,112.26,9.97966,0.000196704,-0.00203393,0,No news
373,107.049,102.06,112.038,9.97747,0.000194894,-0.00225313,0,No news
374,107.403,102.388,112.419,10.0311,0.000195288,0.00310893,0,No news
375,107.345,102.348,112.341,9.99256,0.000195341,-0.000744442,0,No news
376,107.346,102.347,112.345,9.9982,0.000194827,-0.000179827,0,No news
377,107.395,102.394,112.397,10.0026,0.000194382,0.00026349,0,No news
378,107.479,102.476,112.482,10.0059,0.000194191,0.000586018,0,No news
379,107.522,102.521,112.523,10.002,0.000195447,0.000201267,0,No news
380,107.894,102.878,112.91,10.0326,0.000195662,0.00325844,0,No news
381,107.897,102.897,112.896,9.9983,0.000195517,-0.000170212,0,No news
382,104.221,99.2449,109.197,9.95167,0.000170748,-0.00483269,-0.03,"Rumor: firm exploring strategic options"
383,104.292,99.2895,109.295,10.0051,0.000173188,0.000510716,0,No news
384,104.125,99.1339,109.116,9.982,0.000196356,-0.00180038,0,No news
385,103.978,98.986,108.97,9.98392,0.00019674,-0.00160813,0,No news
386,104.02,99.0188,109.021,10.0021,0.000196081,0.000205915,0,No news
387,104.243,99.2335,109.253,10.0195,0.000195453,0.00195014,0,No news
388,104.38,99.3742,109.385,10.0111,0.000195766,0.00111294,0,No news
389,103.902,98.9256,108.878,9.95213,0.00019634,-0.00478703,0,No news
390,103.773,98.7803,108.766,9.98566,0.000196381,-0.001434,0,No news
391,103.655,98.6617,108.648,9.98665,0.000195806,-0.00133472,0,No news
392,103.611,98.6143,108.608,9.99381,0.00019667,-0.000619438,0,No news
393,103.676,98.674,108.678,10.0043,0.00019724,0.000429421,0,No news
394,103.52,98.5287,108.512,9.98297,0.000196462,-0.00170259,0,No news
395,103.7,98.6925,108.708,10.0154,0.00019671,0.00154068,0,No news
396,103.891,98.8831,108.9,10.0164,0.000197043,0.00164485,0,No news
397,104.107,99.0972,109.116,10.0187,0.000197275,0.00187248,0,No news
398,104.046,99.0496,109.042,9.99217,0.000197286,-0.000782886,0,No news
399,104.174,99.1691,109.179,10.0104,0.000197115,0.00103816,0,No news
400,104.281,99.2768,109.285,10.0083,0.000197028,0.0008267,0,No news
401,104.165,99.1713,109.158,9.98687,0.000197492,-0.0013129,0,No news
402,104.311,99.3054,109.318,10.0121,0.000196873,0.00121145,0,No news
403,104.245,99.249,109.241,9.99163,0.000197193,-0.00083652,0,No news
404,104.311,99.3092,109.314,10.0044,0.000196947,0.000441673,0,No news
405,104.523,99.5134,109.532,10.0182,0.000197241,0.00182428,0,No news
406,104.619,99.6151,109.622,10.0072,0.000197316,0.000722905,0,No news
407,104.878,99.8668,109.89,10.0228,0.000197653,0.00227935,0,No news
408,105.284,100.265,110.302,10.0366,0.000197317,0.00366226,0,No news
409,105.282,100.283,110.281,9.99783,0.000197552,-0.000216983,0,No news
410,105.333,100.331,110.334,10.0029,0.000197157,0.000285885,0,No news
411,105.374,100.373,110.375,10.002,0.000196916,0.0001977,0,No news
412,105.47,100.466,110.473,10.0071,0.000196786,0.00071121,0,No news
413,105.558,100.555,110.561,10.0064,0.000196407,0.000635959,0,No news
414,102.37,97.3744,107.366,9.9917,0.000168668,-0.000830378,-0.03,"Rumor: firm exploring strategic options"
415,102.801,97.7811,107.821,10.0403,0.000167395,0.0040341,0,No news
416,103.194,98.1758,108.212,10.0362,0.000193704,0.00361815,0,No news
417,103.308,98.3039,108.313,10.0092,0.000193868,0.000915933,0,No news
418,103.036,98.0506,108.022,9.9717,0.000193898,-0.00283014,0,No news
419,103.143,98.1391,108.148,10.0084,0.000192465,0.000844293,0,No news
420,102.939,97.9494,107.928,9.9782,0.000192482,-0.00218025,0,No news
421,97.9262,92.9265,102.926,9.99943,0.000139464,-5.72313e-05,-0.05,"Global macro uncertainty rises"
422,98.2669,93.2502,103.284,10.0333,0.000139692,0.00333307,0,No news
423,97.5153,92.5544,102.476,9.9218,0.000142314,-0.00782024,0,No news
424,97.7252,92.7154,102.735,10.0196,0.000194177,0.00195625,0,No news
425,96.9928,92.0313,101.954,9.92283,0.000193829,-0.00771693,0,No news
426,96.9899,91.9911,101.989,9.99778,0.000193119,-0.000222145,0,No news
427,97.4145,92.3936,102.435,10.0417,0.000195087,0.00417258,0,No news
428,97.5266,92.5218,102.531,10.0095,0.00019514,0.000954528,0,No news
429,97.9326,92.9128,102.952,10.0396,0.000195304,0.00395964,0,No news
430,98.2169,93.2034,103.23,10.027,0.000195206,0.00270318,0,No news
431,98.3992,93.3909,103.408,10.0166,0.000195781,0.00165906,0,No news
432,103.083,98.1014,108.064,9.96274,0.000225771,-0.00372589,0.05,"Global macro uncertainty rises"
433,103.495,98.4763,108.514,10.0377,0.000220689,0.00377182,0,No news
434,104.821,99.7584,109.884,10.1251,0.000221994,0.0125067,0,No news
435,105.155,100.14,110.17,10.0299,0.000193394,0.00299148,0,No news
436,105.115,100.118,110.112,9.99419,0.000193257,-0.000580595,0,No news
437,105.323,100.314,110.332,10.0178,0.000193803,0.00178418,0,No news
438,105.748,100.728,110.767,10.0383,0.000193288,0.00383236,0,No news
439,105.419,100.435,110.402,9.96693,0.000194567,-0.00330744,0,No news
440,105.332,100.337,110.327,9.9898,0.000193935,-0.00101959,0,No news
441,106.008,100.977,111.039,10.062,0.000194961,0.00620191,0,No news
442,106.318,101.304,111.332,10.0273,0.000193947,0.00272736,0,No news
443,106.531,101.522,111.54,10.0181,0.000195081,0.00180647,0,No news
444,106.516,101.518,111.514,9.99663,0.000195644,-0.000336704,0,No news
445,106.534,101.534,111.534,9.99977,0.000194933,-2.25099e-05,0,No news
446,106.658,101.653,111.663,10.0097,0.000195231,0.000966516,0,No news
447,106.849,101.841,111.857,10.0159,0.000196475,0.00159231,0,No news
448,107.117,102.106,112.129,10.0231,0.000196423,0.00230987,0,No news
449,107.425,102.412,112.438,10.0267,0.000197644,0.00267083,0,No news
450,107.49,102.488,112.492,10.0041,0.000197145,0.000405041,0,No news
451,107.45,102.453,112.447,9.99434,0.000197572,-0.000565642,0,No news
452,107.832,102.815,112.848,10.0335,0.000197657,0.00334525,0,No news
453,107.918,102.915,112.921,10.006,0.000198243,0.00060415,0,No news
454,107.928,102.928,112.927,9.99891,0.000198334,-0.000109025,0,No news
455,107.871,102.874,112.867,9.99274,0.000198317,-0.000726132,0,No news
456,107.888,102.888,112.888,9.99959,0.000198354,-4.10497e-05,0,No news
457,107.733,102.741,112.725,9.98365,0.000198165,-0.00163508,0,No news
458,107.742,102.743,112.742,9.99888,0.000198201,-0.000112253,0,No news
459,107.653,102.658,112.648,9.98976,0.000198012,-0.00102354,0,No news
460,107.593,102.596,112.589,9.99239,0.000198076,-0.000761253,0,No news
461,107.632,102.631,112.633,10.0017,0.000198213,0.000169351,0,No news
462,107.646,102.646,112.645,9.99927,0.000198154,-7.28345e-05,0,No news
463,107.665,102.665,112.665,9.99985,0.000198257,-1.51895e-05,0,No news
464,107.675,102.676,112.674,9.99892,0.000198305,-0.000107993,0,No news
465,107.729,102.727,112.731,10.003,0.000198076,0.000303075,0,No news
466,107.66,102.665,112.656,9.99165,0.000197651,-0.000835387,0,No news
467,107.576,102.581,112.571,9.99019,0.000198192,-0.000980618,0,No news
468,107.569,102.571,112.568,9.99739,0.000198327,-0.000261035,0,No news
469,107.592,102.592,112.592,10.0001,0.000198413,1.06095e-05,0,No news
470,113.138,108.138,118.139,10.0003,0.000238095,2.87698e-05,0.05,"Global macro uncertainty rises"
471,113.165,108.165,118.165,9.99993,0.000238095,-7.16857e-06,0,No news
472,113.191,108.191,118.191,9.99997,0.000237808,-2.67852e-06,0,No news
473,113.201,108.201,118.2,9.99886,0.000198264,-0.000114003,0,No news
474,113.221,108.221,118.221,9.99984,0.000198413,-1.64995e-05,0,No news
475,113.234,108.235,118.234,9.99915,0.000198407,-8.53498e-05,0,No news
476,113.248,108.249,118.248,9.99926,0.000198393,-7.36551e-05,0,No news
477,113.253,108.254,118.252,9.99843,0.000198408,-0.000157472,0,No news
478,113.298,108.297,118.299,10.002,0.000198396,0.000203292,0,No news
479,113.321,108.321,118.321,10,0.000198413,-3.56432e-07,0,No news
480,113.342,108.342,118.342,9.99991,0.000198154,-8.77761e-06,0,No news
481,113.309,108.312,118.307,9.99511,0.000198316,-0.000488891,0,No news
482,113.347,108.346,118.348,10.0014,0.000198399,0.000135388,0,No news
483,113.47,108.465,118.474,10.0088,0.000198332,0.000881359,0,No news
484,113.346,108.352,118.339,9.9871,0.000198215,-0.00129012,0,No news
485,113.392,108.391,118.393,10.0021,0.0001982,0.000212163,0,No news
486,113.321,108.325,118.316,9.99169,0.000198119,-0.000831092,0,No news
487,113.258,108.262,118.255,9.99252,0.000198209,-0.000747758,0,No news
488,113.292,108.292,118.293,10.001,0.00019841,0.000103504,0,No news
489,113.339,108.338,118.34,10.0021,0.000198395,0.000209839,0,No news
490,113.331,108.333,118.33,9.99737,0.000198387,-0.000262853,0,No news
491,113.374,108.373,118.374,10.0017,0.00019837,0.000173198,0,No news
492,113.421,108.42,118.422,10.0022,0.000198328,0.000222803,0,No news
493,113.457,108.456,118.458,10.0012,0.000198329,0.00011575,0,No news
494,113.475,108.475,118.475,9.99959,0.000198409,-4.10062e-05,0,No news
495,113.492,108.493,118.492,9.99957,0.00019836,-4.27801e-05,0,No news
496,113.533,108.532,118.533,10.0015,0.000198301,0.000154892,0,No news
497,113.598,108.596,118.6,10.0038,0.000198268,0.000376564,0,No news
498,113.594,108.595,118.592,9.99765,0.000197878,-0.000235003,0,No news
499,113.749,108.743,118.755,10.0117,0.000197431,0.00117268,0,No news
500,114.013,109.002,119.023,10.0211,0.000197379,0.00211472,0,No news
501,114.128,109.123,119.132,10.0081,0.000197275,0.00080996,0,No news
502,114.5,109.485,119.516,10.0307,0.000196337,0.00306596,0,No news
503,114.468,109.471,119.466,9.99524,0.000196726,-0.000476393,0,No news
504,114.612,109.606,119.617,10.0105,0.000196762,0.00105394,0,No news
505,114.563,109.566,119.559,9.99375,0.00019644,-0.000625264,0,No news
506,114.545,109.547,119.543,9.99648,0.000196766,-0.000352047,0,No news
507,114.608,109.606,119.61,10.0036,0.000197222,0.000355621,0,No news
508,114.967,109.953,119.982,10.0293,0.000196689,0.00293175,0,No news
509,115.102,110.097,120.106,10.0097,0.000196353,0.000971006,0,No news
510,115.126,110.126,120.126,10.0001,0.000195248,1.47746e-05,0,No news
511,115.666,110.644,120.689,10.0449,0.000195692,0.00448857,0,No news
512,115.914,110.904,120.924,10.0194,0.000195871,0.0019436,0,No news
513,115.78,110.787,120.773,9.9865,0.00019485,-0.00134996,0,No news
514,116.008,110.999,121.017,10.0177,0.000195162,0.00177363,0,No news
515,116.179,111.172,121.185,10.0127,0.000195666,0.00127041,0,No news
516,116.381,111.373,121.389,10.0155,0.000196154,0.00154592,0,No news
517,116.535,111.529,121.541,10.0113,0.000196114,0.00112634,0,No news
518,117.122,112.098,122.146,10.0483,0.000194975,0.0048278,0,No news
519,117.199,112.197,122.201,10.0046,0.000195608,0.0004608,0,No news
520,117.208,112.209,122.208,9.99885,0.000195711,-0.000115347,0,No news
521,117.002,112.012,121.993,9.98048,0.000194992,-0.0019518,0,No news
522,116.844,111.852,121.836,9.9845,0.000196237,-0.00154989,0,No news
523,116.922,111.92,121.925,10.0047,0.000197138,0.000471141,0,No news
524,117.413,112.393,122.433,10.0399,0.000196908,0.00399307,0,No news
525,117.425,112.425,122.424,9.99901,0.000197623,-9.88213e-05,0,No news
526,117.761,112.748,122.775,10.0266,0.000197442,0.00266444,0,No news
527,117.792,112.792,122.793,10.0006,0.000197709,6.38509e-05,0,No news
528,117.871,112.869,122.874,10.0047,0.000198108,0.000472724,0,No news
529,117.897,112.897,122.897,10.0002,0.000198175,2.05239e-05,0,No news
530,123.827,118.833,128.821,9.98837,0.000236558,-0.00116303,0.05,"Global macro uncertainty rises"
531,124.018,119.011,129.024,10.0131,0.000235892,0.00130539,0,No news
532,124.253,119.245,129.261,10.0166,0.000236246,0.00165612,0,No news
533,124.42,119.414,129.425,10.0114,0.000197661,0.00114303,0,No news
534,124.311,119.317,129.306,9.98931,0.000197415,-0.0010685,0,No news
535,124.339,119.339,129.339,10.0003,0.000197254,2.81756e-05,0,No news
536,124.466,119.462,129.47,10.0082,0.000197918,0.000819112,0,No news
537,124.356,119.362,129.351,9.98923,0.000197661,-0.00107657,0,No news
538,124.301,119.305,129.298,9.99359,0.000197617,-0.000641175,0,No news
539,124.089,119.099,129.08,9.98095,0.000196723,-0.00190464,0,No news
540,124.11,119.11,129.109,9.99968,0.000196912,-3.19718e-05,0,No news
541,124.389,119.378,129.399,10.0205,0.000195872,0.00204842,0,No news
542,124.38,119.381,129.379,9.99737,0.000195898,-0.000262979,0,No news
543,124.549,119.543,129.555,10.0116,0.000195765,0.00116212,0,No news
544,124.539,119.541,129.538,9.99727,0.000195216,-0.000273263,0,No news
545,124.451,119.456,129.447,9.99098,0.000194693,-0.00090153,0,No news
546,124.481,119.481,129.481,10.0004,0.000194937,4.32395e-05,0,No news
547,124.622,119.617,129.627,10.0094,0.000195404,0.000936672,0,No news
548,124.46,119.467,129.452,9.98499,0.000195044,-0.00150062,0,No news
549,124.243,119.252,129.233,9.9806,0.000195414,-0.00193991,0,No news
550,124.584,119.572,129.597,10.0255,0.00019702,0.00254951,0,No news
551,124.802,119.794,129.81,10.0155,0.000196927,0.00154895,0,No news
552,128.695,123.693,133.698,10.005,0.0002141,0.00050366,0.03,"Rumor: firm exploring strategic options"
553,128.353,123.367,133.339,9.97126,0.000212425,-0.00287389,0,No news
554,128.318,123.32,133.315,9.99528,0.000196399,-0.000471789,0,No news
555,128.485,123.479,133.49,10.0111,0.000196012,0.00110501,0,No news
556,132.799,127.785,137.814,10.0282,0.000208799,0.00282119,0.03,"Rumor: firm exploring strategic options"
557,133.129,128.118,138.14,10.0227,0.000211796,0.00226637,0,No news
558,133.476,128.464,138.488,10.024,0.000196703,0.00240498,0,No news
559,133.264,128.273,138.255,9.98215,0.000196286,-0.00178547,0,No news
560,133.13,128.136,138.124,9.98801,0.000196446,-0.00119923,0,No news
561,133.085,128.087,138.082,9.9946,0.000196081,-0.000539772,0,No news
562,133.286,128.279,138.292,10.0132,0.000195181,0.00131646,0,No news
563,133.559,128.55,138.568,10.0185,0.00019527,0.00185165,0,No news
564,134.216,129.192,139.24,10.0471,0.000194938,0.00471281,0,No news
565,133.715,128.734,138.695,9.96064,0.00019451,-0.0039365,0,No news
566,133.627,128.631,138.623,9.99148,0.000194858,-0.000851516,0,No news
567,133.411,128.42,138.402,9.98187,0.00019625,-0.00181297,0,No news
568,133.081,128.095,138.068,9.9733,0.000196223,-0.00267012,0,No news
569,133.568,128.551,138.586,10.0346,0.000195473,0.00345682,0,No news
570,133.447,128.453,138.442,9.98897,0.000196341,-0.00110323,0,No news
571,133.495,128.494,138.496,10.0016,0.000197438,0.000158295,0,No news
572,133.531,128.53,138.531,10.0007,0.000197358,7.19116e-05,0,No news
573,133.629,128.626,138.632,10.0054,0.000197438,0.000536737,0,No news
574,133.859,128.851,138.866,10.0152,0.000198169,0.0015208,0,No news
575,133.899,128.899,138.9,10.001,0.000198332,0.000104594,0,No news
576,133.925,128.925,138.925,9.99991,0.000198413,-8.84593e-06,0,No news
577,133.949,128.949,138.949,9.99985,0.000198339,-1.53454e-05,0,No news
578,133.915,128.918,138.913,9.9955,0.000198328,-0.000450414,0,No news
579,134.132,129.125,139.139,10.0142,0.000198181,0.00141934,0,No news
580,134.135,129.136,139.134,9.99825,0.00019804,-0.00017486,0,No news
581,134.149,129.149,139.148,9.99901,0.000197973,-9.94036e-05,0,No news
582,134.085,129.088,139.082,9.99328,0.000198221,-0.000672335,0,No news
583,134.045,129.047,139.042,9.99504,0.000198243,-0.000496438,0,No news
584,134.056,129.056,139.055,9.99883,0.000198335,-0.00011694,0,No news
585,134.072,129.072,139.071,9.99921,0.000198105,-7.87426e-05,0,No news
586,134.246,129.24,139.251,10.011,0.0001983,0.00109841,0,No news
587,134.249,129.25,139.248,9.99826,0.000198405,-0.000173664,0,No news
588,134.251,129.252,139.251,9.99818,0.000198346,-0.000181599,0,No news
589,134.28,129.28,139.28,10.0002,0.000198413,1.64114e-05,0,No news
590,134.305,129.305,139.305,9.99989,0.000198413,-1.11293e-05,0,No news
591,134.332,129.332,139.332,10,0.000198413,2.22874e-06,0,No news
592,134.399,129.397,139.4,10.003,0.000198313,0.000296641,0,No news
593,134.425,129.425,139.425,9.99995,0.000198413,-4.71138e-06,0,No news
594,134.438,129.439,139.438,9.99901,0.000198408,-9.85326e-05,0,No news
595,134.465,129.465,139.465,10,0.000198413,2.65184e-06,0,No news
596,134.543,129.541,139.545,10.0038,0.000198284,0.000380571,0,No news
597,134.377,129.384,139.369,9.98563,0.000198092,-0.00143679,0,No news
598,134.568,129.562,139.574,10.0123,0.000197924,0.00122752,0,No news
599,134.637,129.635,139.638,10.0031,0.00019805,0.000310343,0,No news
600,134.693,129.692,139.694,10.0022,0.000198213,0.000220416,0,No news
601,134.728,129.727,139.728,10.0006,0.000198371,5.86262e-05,0,No news
602,134.754,129.754,139.754,9.99999,0.000198413,-1.47957e-06,0,No news
603,134.78,129.78,139.78,9.9999,0.000198398,-9.83949e-06,0,No news
604,134.807,129.807,139.807,10,0.000198413,1.00461e-06,0,No news
605,134.834,129.834,139.834,10.0001,0.000198413,7.5864e-06,0,No news
606,134.844,129.845,139.844,9.99876,0.000198373,-0.00012393,0,No news
607,134.871,129.871,139.871,9.99998,0.000198413,-1.78385e-06,0,No news
608,134.918,129.918,139.919,10.0015,0.000198342,0.000153184,0,No news
609,134.969,129.968,139.97,10.0018,0.000198055,0.000179811,0,No news
610,135.195,130.188,140.203,10.0147,0.000198278,0.00147408,0,No news
611,142.381,137.374,147.389,10.0155,0.000237187,0.00155268,0.05,"Global macro uncertainty rises"
612,142.768,137.756,147.781,10.0248,0.000237301,0.00247625,0,No news
613,142.682,137.686,147.678,9.99159,0.000237171,-0.00084137,0,No news
614,142.753,137.751,147.754,10.003,0.000198241,0.000295815,0,No news
615,142.777,137.777,147.777,9.99971,0.000198385,-2.89949e-05,0,No news
616,142.805,137.805,147.805,9.99998,0.000198413,-1.81678e-06,0,No news
617,142.835,137.835,147.835,10.0001,0.000198413,1.36465e-05,0,No news
618,142.863,137.863,147.863,9.99996,0.000198413,-3.8377e-06,0,No news
619,142.892,137.892,147.892,10.0001,0.000198412,5.58076e-06,0,No news
620,143.009,138.006,148.012,10.0062,0.000198165,0.000617341,0,No news
621,142.979,137.981,147.976,9.99591,0.000198337,-0.0004094,0,No news
622,142.978,137.979,147.977,9.99796,0.00019835,-0.000203776,0,No news
623,143.056,138.054,148.058,10.0035,0.000198329,0.000349879,0,No news
624,143.046,138.047,148.045,9.99731,0.000198366,-0.000269245,0,No news
625,143.077,138.077,148.078,10.0002,0.000198413,2.17548e-05,0,No news
626,143.108,138.108,148.108,10.0002,0.000198413,1.64885e-05,0,No news
627,143.209,138.206,148.211,10.0051,0.000198384,0.000505101,0,No news
628,143.177,138.179,148.175,9.99579,0.000198363,-0.000421072,0,No news
629,143.077,138.082,148.073,9.99103,0.00019816,-0.000896689,0,No news
630,142.961,137.966,147.956,9.98993,0.000197996,-0.00100659,0,No news
631,143.19,138.183,148.197,10.014,0.000197235,0.00139866,0,No news
632,143.172,138.173,148.17,9.99676,0.000196694,-0.000324213,0,No news
633,143.422,138.414,148.43,10.0155,0.000196544,0.00155205,0,No news
634,143.48,138.479,148.481,10.0021,0.000196589,0.000209686,0,No news
635,143.266,138.275,148.258,9.98309,0.000196977,-0.00169147,0,No news
636,143.13,138.136,148.125,9.98854,0.000197383,-0.00114562,0,No news
637,143.038,138.042,148.033,9.99155,0.000197363,-0.000844582,0,No news
638,138.769,133.771,143.766,9.99526,0.000174541,-0.000473693,-0.03,"Rumor: firm exploring strategic options"
639,138.357,133.373,143.341,9.96855,0.000174115,-0.00314511,0,No news
640,138.971,133.95,143.993,10.0423,0.000196677,0.00423352,0,No news
641,138.857,133.863,143.852,9.98983,0.000196529,-0.00101694,0,No news
642,139.3,134.285,144.315,10.0299,0.000195761,0.00298844,0,No news
643,144.06,139.043,149.077,10.0338,0.00021234,0.00338459,0.03,"Rumor: firm exploring strategic options"
644,144.134,139.132,149.135,10.003,0.000213918,0.000297785,0,No news
645,144.109,139.111,149.107,9.99633,0.00019622,-0.000366614,0,No news
646,144.222,139.219,149.225,10.0059,0.000195781,0.000588868,0,No news
647,144.308,139.306,149.31,10.004,0.000196087,0.000400782,0,No news
648,144.668,139.657,149.68,10.023,0.000195784,0.00229658,0,No news
649,144.653,139.654,149.651,9.99697,0.000195443,-0.000303414,0,No news
650,145.08,140.066,150.094,10.0275,0.000195244,0.00275274,0,No news
651,145.18,140.178,150.183,10.005,0.000195294,0.000496538,0,No news
652,145.322,140.319,150.326,10.0078,0.000195888,0.000783043,0,No news
653,145.131,140.139,150.124,9.98488,0.000195411,-0.00151185,0,No news
654,145.137,140.138,150.136,9.99842,0.000196261,-0.000158358,0,No news
655,144.824,139.836,149.812,9.97646,0.000196779,-0.00235386,0,No news
656,144.766,139.769,149.763,9.994,0.000197011,-0.000599837,0,No news
657,144.963,139.957,149.969,10.0116,0.00019757,0.00116431,0,No news
658,144.854,139.859,149.849,9.9905,0.000197061,-0.000949819,0,No news
659,144.685,139.692,149.678,9.98638,0.000196995,-0.0013616,0,No news
660,144.474,139.482,149.466,9.98343,0.000196737,-0.00165723,0,No news
661,144.415,139.418,149.412,9.99393,0.000196041,-0.000607411,0,No news
662,143.638,138.666,148.61,9.94412,0.000196839,-0.00558756,0,No news
663,143.298,138.311,148.285,9.97429,0.000196858,-0.00257097,0,No news
664,143.226,138.229,148.222,9.99301,0.000195901,-0.000698741,0,No news
665,143.48,138.472,148.488,10.0158,0.000195626,0.00157786,0,No news
666,143.472,138.473,148.471,9.9975,0.000196647,-0.000250162,0,No news
667,143.663,138.657,148.669,10.0113,0.000196012,0.00113276,0,No news
668,143.567,138.571,148.563,9.99135,0.000196351,-0.000865399,0,No news
669,143.374,138.382,148.366,9.98458,0.000197023,-0.00154163,0,No news
670,143.612,138.604,148.619,10.0146,0.000197565,0.00145943,0,No news
671,143.837,138.831,148.844,10.0137,0.000196313,0.00137361,0,No news
672,148.16,143.163,153.157,9.99393,0.000213435,-0.000606768,0.03,"Rumor: firm exploring strategic options"
673,147.589,142.609,152.568,9.95925,0.000214035,-0.00407454,0,No news
674,147.31,142.32,152.299,9.97912,0.000196658,-0.00208836,0,No news
675,147.292,142.294,152.291,9.99683,0.000197474,-0.000317476,0,No news
676,147.346,142.345,152.347,10.0017,0.000197438,0.00016708,0,No news
677,147.331,142.333,152.33,9.99704,0.000197699,-0.000296487,0,No news
678,147.483,142.478,152.487,10.0083,0.000198165,0.000828273,0,No news
679,147.478,142.479,152.477,9.99773,0.000198385,-0.000227374,0,No news
680,147.512,142.512,152.512,10.0003,0.000198273,3.1479e-05,0,No news
681,147.547,142.546,152.547,10.0003,0.000198408,3.41207e-05,0,No news
682,147.568,142.568,152.568,9.99948,0.000198404,-5.18008e-05,0,No news
683,147.582,142.582,152.581,9.99893,0.000198404,-0.000106549,0,No news
684,147.623,142.623,152.624,10.0008,0.000198406,8.38618e-05,0,No news
685,147.655,142.655,152.655,10.0002,0.000198321,1.5096e-05,0,No news
686,147.737,142.735,152.738,10.0036,0.000198315,0.000355546,0,No news
687,147.741,142.742,152.74,9.99829,0.000198332,-0.000170641,0,No news
688,147.852,142.849,152.855,10.0056,0.000198355,0.000556059,0,No news
689,147.928,142.927,152.93,10.0032,0.000198237,0.000315076,0,No news
690,148.172,143.164,153.179,10.0145,0.000198027,0.0014456,0,No news
691,148.149,143.15,153.147,9.99647,0.000198157,-0.000352993,0,No news
692,148.383,143.376,153.39,10.0138,0.000198047,0.00138138,0,No news
693,148.752,143.74,153.763,10.0229,0.000197291,0.00228644,0,No news
694,148.527,143.536,153.519,9.98293,0.000197774,-0.00170737,0,No news
695,148.658,143.655,153.661,10.0068,0.000197125,0.000682152,0,No news
696,148.523,143.529,153.518,9.98896,0.000197525,-0.00110381,0,No news
697,148.401,143.406,153.396,9.98979,0.000197424,-0.00102089,0,No news
698,148.627,143.62,153.633,10.0132,0.000198276,0.00132159,0,No news
699,148.612,143.613,153.61,9.99699,0.000198209,-0.000301026,0,No news
700,148.621,143.622,153.621,9.99868,0.00019813,-0.000131924,0,No news
701,148.852,143.845,153.859,10.0135,0.00019756,0.00135454,0,No news
702,148.967,143.964,153.97,10.0057,0.000197189,0.00057482,0,No news
703,148.917,143.919,153.914,9.99463,0.000197227,-0.0005372,0,No news
704,148.877,143.879,153.875,9.99537,0.000196816,-0.000462982,0,No news
705,149.046,144.042,154.051,10.0094,0.000196925,0.000939932,0,No news
706,148.971,143.975,153.968,9.99299,0.000197339,-0.000700926,0,No news
707,149.053,144.051,154.055,10.0035,0.000197606,0.00035054,0,No news
708,149.059,144.06,154.058,9.99843,0.000198064,-0.00015732,0,No news
709,148.994,143.997,153.99,9.99363,0.000198202,-0.000636763,0,No news
710,149.041,144.04,154.041,10.0012,0.000198408,0.000116625,0,No news
711,149.031,144.032,154.029,9.99736,0.000198371,-0.000263905,0,No news
712,148.94,143.944,153.936,9.99192,0.000198201,-0.000807671,0,No news
713,149.168,144.161,154.174,10.0133,0.00019763,0.00132956,0,No news
714,149.392,144.385,154.398,10.013,0.000197696,0.00130413,0,No news
715,149.441,144.44,154.441,10.0013,0.000197263,0.000128867,0,No news
716,149.58,144.576,154.583,10.0073,0.000197818,0.000733135,0,No news
717,149.743,144.739,154.748,10.0089,0.000197666,0.00089455,0,No news
718,149.802,144.801,154.803,10.0019,0.0001974,0.000192145,0,No news
719,150.113,145.104,155.123,10.0188,0.000196652,0.00188132,0,No news
720,149.977,144.982,154.971,9.98894,0.000196964,-0.00110603,0,No news
721,149.686,144.696,154.675,9.9786,0.000196853,-0.00214012,0,No news
722,149.575,144.579,154.57,9.99061,0.0001967,-0.000938512,0,No news
723,149.72,144.716,154.724,10.0078,0.000197068,0.000775375,0,No news
724,149.974,144.966,154.981,10.015,0.000196818,0.00149589,0,No news
725,150.381,145.368,155.394,10.0252,0.000196254,0.00251507,0,No news
726,150.02,145.033,155.007,9.97403,0.00019646,-0.00259661,0,No news
727,149.834,144.841,154.827,9.9856,0.000196775,-0.00143979,0,No news
728,150.015,145.01,155.02,10.0101,0.000195477,0.00100831,0,No news
729,150.28,145.272,155.288,10.0157,0.000195655,0.00157453,0,No news
730,150.393,145.391,155.396,10.0056,0.000195118,0.000557282,0,No news
731,150.438,145.438,155.439,10.001,0.000194611,0.000104055,0,No news
732,150.436,145.437,155.435,9.9979,0.000193611,-0.000210106,0,No news
733,150.667,145.66,155.673,10.0134,0.000192896,0.00133992,0,No news
734,150.508,145.514,155.501,9.9875,0.000193596,-0.00124993,0,No news
735,151.272,146.248,156.297,10.0487,0.000192968,0.00487431,0,No news
736,151.806,146.789,156.823,10.0333,0.000193243,0.00332879,0,No news
737,151.404,146.418,156.389,9.97154,0.000192557,-0.00284567,0,No news
738,151.672,146.664,156.68,10.0158,0.000193466,0.00157656,0,No news
739,150.892,145.919,155.865,9.94651,0.000192906,-0.0053488,0,No news
740,151.283,146.271,156.295,10.0239,0.00019236,0.0023929,0,No news
741,150.692,145.712,155.671,9.95894,0.000192576,-0.00410618,0,No news
742,150.549,145.554,155.543,9.98858,0.000192241,-0.00114164,0,No news
743,150.579,145.579,155.579,10.0001,0.000190818,9.40257e-06,0,No news
744,150.427,145.433,155.421,9.98801,0.00018793,-0.00119878,0,No news
745,149.313,144.351,154.275,9.9238,0.000190385,-0.00761979,0,No news
746,149.977,144.956,154.999,10.0425,0.000190438,0.00424747,0,No news
747,149.389,144.41,154.368,9.95879,0.00019121,-0.00412099,0,No news
748,149.452,144.451,154.454,10.0023,0.000191977,0.000231894,0,No news
749,148.686,143.712,153.659,9.94667,0.000190695,-0.0053334,0,No news
750,148.331,143.344,153.318,9.97421,0.000189047,-0.00257942,0,No news
751,147.972,142.985,152.959,9.97391,0.000187817,-0.00260902,0,No news
752,147.08,142.112,152.049,9.93769,0.000186803,-0.00623115,0,No news
753,147.482,142.469,152.495,10.0254,0.000185233,0.00254177,0,No news
754,147.89,142.877,152.903,10.0258,0.000182452,0.00258237,0,No news
755,147.396,142.413,152.378,9.96466,0.000184007,-0.00353382,0,No news
756,146.871,141.89,151.852,9.96251,0.000182376,-0.0037486,0,No news
757,146.273,141.294,151.251,9.95732,0.00018508,-0.00426752,0,No news
758,146.403,141.4,151.407,10.0071,0.000186342,0.000705307,0,No news
759,146.319,141.323,151.316,9.9924,0.000187654,-0.000760002,0,No news
760,146.084,141.093,151.075,9.98202,0.000188662,-0.00179765,0,No news
761,145.576,140.594,150.558,9.96327,0.000188113,-0.00367254,0,No news
762,144.403,139.444,149.361,9.91721,0.000186557,-0.00827875,0,No news
763,143.084,138.131,148.037,9.90641,0.000184227,-0.00935925,0,No news
764,143.06,138.062,148.058,9.99647,0.000184881,-0.000352598,0,No news
765,143.421,138.409,148.433,10.0234,0.00018538,0.00233517,0,No news
766,142.681,137.708,147.654,9.9464,0.000184891,-0.00536,0,No news
767,142.805,137.802,147.809,10.0068,0.000187251,0.000684855,0,No news
768,142.125,137.15,147.1,9.95041,0.000186323,-0.00495876,0,No news
769,142.204,137.202,147.206,10.0037,0.000185355,0.000368856,0,No news
770,141.492,136.518,146.466,9.94794,0.00018607,-0.00520597,0,No news
771,141.143,136.156,146.13,9.97341,0.000188017,-0.00265893,0,No news
772,141.011,136.017,146.005,9.98878,0.000187439,-0.00112225,0,No news
773,141.032,136.032,146.032,9.99962,0.000186869,-3.8491e-05,0,No news
774,140.972,135.975,145.969,9.99385,0.000190219,-0.000615224,0,No news
775,142.043,137.006,147.08,10.0738,0.000191776,0.00737698,0,No news
776,141.787,136.797,146.777,9.98002,0.000191707,-0.00199827,0,No news
777,141.185,136.207,146.163,9.95558,0.000189749,-0.00444239,0,No news
778,141.102,136.106,146.098,9.99224,0.000188993,-0.000775679,0,No news
779,141.779,136.756,146.802,10.046,0.000187189,0.00460081,0,No news
780,142.341,137.322,147.36,10.0376,0.000188886,0.00376293,0,No news
781,142.636,137.627,147.646,10.0189,0.000188069,0.00188548,0,No news
782,142.144,137.162,147.125,9.96353,0.000187442,-0.00364691,0,No news
783,143.24,138.203,148.278,10.075,0.000186451,0.00749867,0,No news
784,143.606,138.594,148.617,10.0236,0.000188464,0.00235901,0,No news
785,143.06,138.08,148.04,9.96009,0.000185955,-0.00399088,0,No news
786,142.204,137.235,147.173,9.93811,0.000185663,-0.00618865,0,No news
787,142.077,137.083,147.072,9.98922,0.000187023,-0.00107776,0,No news
788,142.849,137.822,147.875,10.0523,0.000186317,0.00522701,0,No news
789,142.875,137.875,147.875,9.99999,0.000186779,-9.51026e-07,0,No news
790,143.211,138.2,148.222,10.0216,0.000186933,0.00216289,0,No news
791,144.652,139.603,149.701,10.0982,0.000188544,0.00981981,0,No news
792,144.875,139.868,149.881,10.0135,0.000189954,0.00135047,0,No news
793,143.929,138.962,148.895,9.93259,0.000189017,-0.00674089,0,No news
794,143.524,138.539,148.509,9.96993,0.000189234,-0.00300683,0,No news
795,134.267,129.351,139.183,9.8321,0.000117721,-0.01679,-0.05,"Global macro uncertainty rises"
796,134.161,129.166,139.157,9.99094,0.000120436,-0.000906388,0,No news
797,134.09,129.093,139.086,9.99344,0.000123476,-0.00065596,0,No news
798,134.197,129.194,139.2,10.0061,0.000187784,0.000613384,0,No news
799,134.767,129.747,139.787,10.0405,0.00018859,0.0040495,0,No news
800,134.325,129.342,139.307,9.96524,0.000189221,-0.00347638,0,No news
801,133.906,128.923,138.89,9.96691,0.000187806,-0.00330873,0,No news
802,135.249,130.2,140.297,10.0979,0.000188321,0.00978567,0,No news
803,136.361,131.321,141.401,10.08,0.000188745,0.00800491,0,No news
804,136.783,131.769,141.798,10.029,0.000191131,0.00289705,0,No news
805,136.063,131.09,141.035,9.94529,0.000190374,-0.0054715,0,No news
806,136.128,131.127,141.13,10.0029,0.000189917,0.00029163,0,No news
807,135.803,130.816,140.79,9.97417,0.000188959,-0.00258257,0,No news
808,136.352,131.333,141.371,10.0385,0.000187839,0.00385011,0,No news
809,135.132,130.178,140.086,9.90822,0.000188193,-0.00917843,0,No news
810,134.921,129.93,139.912,9.98248,0.000188869,-0.00175153,0,No news
811,135.387,130.37,140.403,10.0326,0.000188568,0.00325711,0,No news
812,136.605,131.561,141.649,10.0877,0.000189891,0.00876976,0,No news
813,137.417,132.388,142.446,10.0574,0.000188674,0.00573802,0,No news
814,136.24,131.284,141.196,9.91208,0.000187115,-0.00879157,0,No news
815,135.768,130.786,140.75,9.96343,0.000188489,-0.00365676,0,No news
816,134.502,129.55,139.454,9.90446,0.000186825,-0.00955396,0,No news
817,133.557,128.593,138.521,9.92764,0.000185448,-0.00723606,0,No news
818,134.317,129.289,139.344,10.0549,0.000184263,0.00548585,0,No news
819,134.352,129.352,139.352,10.0008,0.000184392,7.87977e-05,0,No news
820,134.137,129.146,139.128,9.98216,0.000183648,-0.00178394,0,No news
821,133.279,128.312,138.246,9.93396,0.000183079,-0.00660438,0,No news
822,133.035,128.045,138.025,9.97987,0.000184677,-0.00201262,0,No news
823,132.609,127.626,137.592,9.96606,0.000186755,-0.00339444,0,No news
824,132.658,127.657,137.659,10.0018,0.000188116,0.000182503,0,No news
825,133.077,128.063,138.092,10.0297,0.000186521,0.00296812,0,No news
826,133.35,128.341,138.36,10.0186,0.000185272,0.00186464,0,No news
827,133.557,128.55,138.563,10.0136,0.000186333,0.00135888,0,No news
828,133.916,128.904,138.929,10.025,0.000185023,0.00250424,0,No news
829,133.433,128.452,138.414,9.96203,0.000184415,-0.00379749,0,No news
830,132.537,127.572,137.502,9.93074,0.000186166,-0.00692622,0,No news
831,131.619,126.655,136.583,9.92865,0.000185243,-0.00713536,0,No news
832,131.842,126.835,136.85,10.0151,0.000185032,0.00151088,0,No news
833,132.29,127.274,137.306,10.0321,0.000185824,0.00320569,0,No news
834,132.434,127.429,137.438,10.009,0.000184695,0.000898897,0,No news
835,132.058,127.073,137.043,9.96974,0.000186585,-0.0030261,0,No news
836,131.568,126.588,136.549,9.96096,0.000184787,-0.00390362,0,No news
837,130.934,125.959,135.909,9.94987,0.000182709,-0.00501294,0,No news
838,130.649,125.661,135.637,9.97642,0.000178082,-0.00235813,0,No news
839,130.011,125.036,134.986,9.94927,0.000178204,-0.00507265,0,No news
840,130.694,125.668,135.719,10.0506,0.000176777,0.00505889,0,No news
841,133.203,128.109,138.297,10.1885,0.000174247,0.0188453,0,No news
842,132.47,127.498,137.442,9.94307,0.000173873,-0.00569291,0,No news
843,133.28,128.25,138.309,10.0592,0.000177111,0.00591599,0,No news
844,134.679,129.628,139.731,10.1027,0.000178756,0.0102698,0,No news
845,135.412,130.386,140.439,10.0525,0.000179793,0.00524661,0,No news
846,135.92,130.902,140.937,10.0356,0.000182296,0.00355766,0,No news
847,136.413,131.396,141.431,10.0345,0.000179336,0.00344564,0,No news
848,135.541,130.574,140.508,9.93405,0.000180428,-0.0065951,0,No news
849,134.201,129.252,139.151,9.89887,0.000179918,-0.010113,0,No news
850,135.63,130.578,140.682,10.1041,0.000179825,0.0104075,0,No news
851,134.195,129.249,139.141,9.89183,0.000180607,-0.0108169,0,No news
852,134.101,129.105,139.097,9.99119,0.000181425,-0.00088071,0,No news
853,133.869,128.878,138.859,9.98085,0.000181718,-0.0019145,0,No news
854,133.608,128.619,138.598,9.97871,0.000182306,-0.00212921,0,No news
855,134.01,128.996,139.024,10.0282,0.00018287,0.00281707,0,No news
856,134.049,129.049,139.05,10.0011,0.00018696,0.00010706,0,No news
857,134.79,129.763,139.817,10.0532,0.00018871,0.00532271,0,No news
858,134.039,129.068,139.01,9.94222,0.000189741,-0.00577788,0,No news
859,134.426,129.413,139.44,10.0269,0.000190453,0.00269428,0,No news
860,134.418,129.419,139.417,9.9975,0.000189933,-0.000250298,0,No news
861,134.74,129.729,139.751,10.022,0.00018933,0.00220164,0,No news
862,135.838,130.798,140.877,10.0793,0.000188599,0.00792736,0,No news
863,136.547,131.522,141.572,10.0502,0.000189226,0.0050167,0,No news
864,135.585,130.621,140.549,9.92743,0.000189882,-0.00725749,0,No news
865,135.777,130.771,140.784,10.0123,0.000191259,0.0012253,0,No news
866,135.931,130.926,140.935,10.0094,0.000189101,0.000939932,0,No news
867,135.756,130.763,140.749,9.98523,0.000188924,-0.00147651,0,No news
868,135.514,130.524,140.504,9.98025,0.000190252,-0.00197491,0,No news
869,135.52,130.521,140.519,9.99855,0.000189177,-0.00014484,0,No news
870,135.878,130.866,140.89,10.0245,0.000188995,0.00245116,0,No news
871,136.194,131.183,141.205,10.0213,0.000189306,0.0021334,0,No news
872,136.411,131.404,141.418,10.014,0.000188791,0.00140166,0,No news
873,136.908,131.891,141.925,10.0345,0.000188202,0.00344954,0,No news
874,137.63,132.605,142.656,10.0507,0.000188188,0.00507298,0,No news
875,137.699,132.697,142.7,10.0031,0.000190439,0.000309139,0,No news
876,137.471,132.48,142.462,9.98154,0.00018948,-0.00184642,0,No news
877,137.553,132.551,142.555,10.0041,0.000189767,0.000406636,0,No news
878,136.894,131.919,141.869,9.95009,0.000189258,-0.00499087,0,No news
879,136.417,131.436,141.399,9.96322,0.000189688,-0.00367837,0,No news
880,137.321,132.289,142.353,10.0641,0.000189191,0.00641075,0,No news
881,137.201,132.207,142.196,9.9894,0.000191081,-0.00105982,0,No news
882,136.848,131.862,141.835,9.97234,0.000190147,-0.00276647,0,No news
883,136.321,131.341,141.301,9.95947,0.000192141,-0.00405294,0,No news
884,136.723,131.709,141.737,10.0275,0.000190224,0.00275215,0,No news
885,136.624,131.629,141.62,9.99087,0.000190942,-0.000913003,0,No news
886,135.805,130.836,140.774,9.938,0.000187894,-0.00620046,0,No news
887,137.112,132.065,142.159,10.0939,0.000188993,0.00938924,0,No news
888,137.441,132.43,142.452,10.0221,0.000188489,0.00220943,0,No news
889,138.195,133.168,143.221,10.0528,0.000187095,0.0052785,0,No news
890,138.24,133.24,143.241,10.0015,0.000186441,0.000145872,0,No news
891,139.248,134.212,144.283,10.0707,0.000186198,0.00707414,0,No news
892,132.008,127.025,136.99,9.96489,0.000117586,-0.00351091,-0.05,"Global macro uncertainty rises"
893,133.276,128.229,138.324,10.0945,0.000109599,0.00945274,0,No news
894,133.995,128.969,139.022,10.0526,0.000116705,0.00526332,0,No news
895,134.842,129.811,139.872,10.0611,0.000188107,0.00610881,0,No news
896,135.74,130.708,140.772,10.0645,0.000187613,0.00645184,0,No news
897,134.696,129.736,139.656,9.9209,0.00018956,-0.00790976,0,No news
898,134.996,129.985,140.006,10.0203,0.00019217,0.00202941,0,No news
899,131.449,126.433,136.465,10.0322,0.000158631,0.00321691,-0.03,"Rumor: firm exploring strategic options"
900,131.296,126.303,136.29,9.98681,0.000158883,-0.00131901,0,No news
901,131.662,126.649,136.675,10.0259,0.000191435,0.00259044,0,No news
902,131.439,126.449,136.43,9.98114,0.000192762,-0.00188618,0,No news
903,131.761,126.75,136.772,10.0225,0.000192454,0.00225285,0,No news
904,132.357,127.335,137.379,10.0432,0.000189543,0.00432235,0,No news
905,132.385,127.385,137.386,10.0003,0.00018836,2.584e-05,0,No news
906,132.206,127.213,137.198,9.98452,0.000188717,-0.0015476,0,No news
907,133.081,128.049,138.113,10.0641,0.000185531,0.00641228,0,No news
908,133.088,128.089,138.088,9.99869,0.000187032,-0.000131368,0,No news
909,132.497,127.52,137.474,9.95361,0.000185863,-0.00463928,0,No news
910,132.712,127.705,137.719,10.0144,0.000185652,0.00143773,0,No news
911,133.337,128.315,138.36,10.0451,0.00018772,0.0045117,0,No news
912,132.897,127.915,137.88,9.9651,0.000186503,-0.00349026,0,No news
913,133.813,128.78,138.847,10.0668,0.00018642,0.00668094,0,No news
914,133.819,128.82,138.819,9.99858,0.000187468,-0.000142326,0,No news
915,134.367,129.347,139.386,10.039,0.000187806,0.00389504,0,No news
916,133.591,128.621,138.561,9.94024,0.000187161,-0.00597568,0,No news
917,133.792,128.785,138.798,10.0131,0.000186939,0.00131293,0,No news
918,134.221,129.206,139.236,10.0301,0.000189859,0.00301441,0,No news
919,133.639,128.661,138.616,9.9546,0.000190474,-0.00454014,0,No news
920,134.54,129.507,139.573,10.0653,0.000190493,0.00653182,0,No news
921,134.861,129.85,139.872,10.0219,0.000190193,0.00219411,0,No news
922,134.756,129.76,139.751,9.99028,0.000189464,-0.000971851,0,No news
923,135.176,130.161,140.19,10.0292,0.000189313,0.00292396,0,No news
924,135.889,130.863,140.914,10.0507,0.000189894,0.00507106,0,No news
925,135.589,130.601,140.577,9.97604,0.000189468,-0.00239554,0,No news
926,135.726,130.722,140.73,10.0082,0.000188754,0.000817259,0,No news
927,135.795,130.794,140.797,10.0032,0.000187571,0.0003245,0,No news
928,134.772,129.811,139.734,9.92252,0.000185772,-0.00774834,0,No news
929,134.945,129.939,139.95,10.0109,0.000186316,0.00109293,0,No news
930,135.554,130.533,140.576,10.0432,0.00018708,0.00431915,0,No news
931,135.591,130.591,140.591,10.0008,0.00018747,8.37736e-05,0,No news
932,136.02,131.005,141.035,10.0297,0.000188035,0.00297229,0,No news
933,135.569,130.586,140.551,9.96484,0.000190289,-0.0035156,0,No news
934,135.847,130.838,140.857,10.0186,0.000189636,0.0018629,0,No news
935,135.429,130.445,140.412,9.96725,0.000188451,-0.00327535,0,No news
936,135.126,130.138,140.114,9.97577,0.000186027,-0.00242298,0,No news
937,136.539,131.488,141.59,10.1022,0.000186259,0.0102161,0,No news
938,136.928,131.915,141.941,10.0266,0.000186444,0.0026597,0,No news
939,136.619,131.631,141.607,9.97557,0.000184381,-0.00244349,0,No news
940,137.072,132.056,142.087,10.0312,0.000184996,0.00312141,0,No news
941,136.885,131.892,141.877,9.98448,0.00018698,-0.00155154,0,No news
942,137.366,132.349,142.383,10.0332,0.000187187,0.00332315,0,No news
943,137.746,132.733,142.759,10.0257,0.000187289,0.00257364,0,No news
944,137.111,132.135,142.087,9.95195,0.000187741,-0.00480532,0,No news
945,136.629,131.648,141.611,9.96291,0.00018726,-0.00370939,0,No news
946,136.949,131.939,141.96,10.0216,0.000186186,0.00215533,0,No news
947,137.448,132.431,142.465,10.0345,0.000185859,0.00344719,0,No news
948,135.729,130.643,140.815,10.1727,0.00014949,0.0172659,-0.03,"Rumor: firm exploring strategic options"
949,134.672,129.712,139.632,9.9204,0.000142457,-0.00796019,0,No news
950,134.816,129.812,139.821,10.0088,0.000187815,0.000882623,0,No news
951,134.32,129.339,139.3,9.9612,0.000188969,-0.00388008,0,No news
952,133.991,129.004,138.977,9.97362,0.000186046,-0.00263834,0,No news
953,134.48,129.462,139.497,10.0346,0.000183705,0.00345925,0,No news
954,135.457,130.422,140.492,10.0706,0.000182089,0.00706114,0,No news
955,134.096,129.148,139.045,9.89718,0.000183291,-0.0102816,0,No news
956,133.923,128.93,138.916,9.98523,0.000185241,-0.00147662,0,No news
957,135.24,130.192,140.288,10.096,0.000185557,0.00960234,0,No news
958,136.629,131.578,141.679,10.1003,0.000184833,0.0100277,0,No news
959,136.353,131.364,141.342,9.97797,0.000182915,-0.00220274,0,No news
960,132.289,127.291,137.287,9.99605,0.000135148,-0.000394836,-0.03,"Rumor: firm exploring strategic options"
961,132.018,127.029,137.008,9.97819,0.000136302,-0.00218093,0,No news
962,132.129,127.126,137.132,10.0065,0.00018193,0.000654124,0,No news
963,132.83,127.805,137.856,10.0511,0.000183016,0.00511163,0,No news
964,132.308,127.329,137.288,9.95878,0.00018296,-0.00412193,0,No news
965,132.36,127.359,137.361,10.002,0.00018639,0.000203148,0,No news
966,132.746,127.733,137.76,10.0273,0.000186373,0.00273032,0,No news
967,141.468,136.401,146.535,10.1344,0.000198479,0.0134373,0.05,"Global macro uncertainty rises"
968,139.533,134.603,144.464,9.8604,0.000188676,-0.0139597,0,No news
969,141.666,136.591,146.741,10.1498,0.000186233,0.0149806,0,No news
970,140.196,135.249,145.143,9.89385,0.000182076,-0.0106145,0,No news
971,141.084,136.053,146.114,10.0613,0.000180073,0.00613461,0,No news
972,141.501,136.487,146.515,10.0277,0.000181574,0.00277128,0,No news
973,141.354,136.36,146.348,9.98776,0.00018525,-0.00122356,0,No news
974,141.398,136.397,146.398,10.0012,0.000185866,0.000123111,0,No news
975,141.831,136.816,146.845,10.0287,0.000186013,0.00287044,0,No news
976,142.555,137.531,147.58,10.0491,0.000185346,0.00491137,0,No news
977,142.482,137.485,147.478,9.99297,0.000186958,-0.000703011,0,No news
978,142.54,137.539,147.541,10.0022,0.000186081,0.000221217,0,No news
979,143.588,138.552,148.623,10.0714,0.000184814,0.00713827,0,No news
980,143.712,138.709,148.716,10.0068,0.000183555,0.000684469,0,No news
981,143.681,138.683,148.679,9.99599,0.000185587,-0.000400711,0,No news
982,143.749,138.748,148.751,10.0029,0.000184867,0.000288131,0,No news
983,142.445,137.491,147.398,9.90698,0.000184873,-0.00930242,0,No news
984,143.455,138.421,148.49,10.0689,0.000180827,0.00688972,0,No news
985,142.635,137.664,147.605,9.94082,0.0001818,-0.00591767,0,No news
986,141.987,137.01,146.963,9.95262,0.000182985,-0.00473785,0,No news
987,142.486,137.469,147.502,10.0333,0.000178969,0.00333035,0,No news
988,141.473,136.509,146.436,9.92686,0.000179221,-0.00731402,0,No news
989,141.3,136.307,146.293,9.98602,0.000178327,-0.0013979,0,No news
990,141.836,136.818,146.854,10.036,0.000180509,0.0036012,0,No news
991,142.636,137.609,147.664,10.0545,0.000177818,0.00545135,0,No news
992,140.877,135.94,145.815,9.87414,0.000177849,-0.0125862,0,No news
993,140.87,135.871,145.869,9.99767,0.000179305,-0.000233452,0,No news
994,141.315,136.3,146.33,10.0298,0.000174087,0.00298108,0,No news
995,141.099,136.108,146.091,9.98297,0.000174438,-0.00170252,0,No news
996,141.651,136.632,146.669,10.0372,0.000176852,0.00372405,0,No news
997,141.321,136.334,146.309,9.97493,0.000178341,-0.00250688,0,No news
998,141.179,136.185,146.173,9.98812,0.000178352,-0.00118767,0,No news
999,140.707,135.725,145.69,9.96479,0.000175835,-0.00352129,0,No news
1000,140.374,135.387,145.361,9.97456,0.000172474,-0.0025444,0,No news
1001,139.66,134.686,144.634,9.9473,0.000171486,-0.00527045,0,No news
1002,139.08,134.102,144.059,9.95667,0.000175201,-0.00433261,0,No news
1003,138.967,133.972,143.962,9.9901,0.000176389,-0.000989569,0,No news
1004,139.095,134.091,144.099,10.0074,0.000180563,0.000737482,0,No news
1005,139.546,134.53,144.561,10.0305,0.000182859,0.00305092,0,No news
1006,139.956,134.943,144.97,10.0275,0.000185922,0.0027534,0,No news
1007,139.293,134.317,144.268,9.95061,0.000186264,-0.00493876,0,No news
1008,138.48,133.51,143.45,9.9396,0.000185757,-0.00603956,0,No news
1009,138.608,133.604,143.611,10.0073,0.000189239,0.000733986,0,No news
1010,142.523,137.535,147.512,9.97659,0.000199791,-0.00234078,0.03,"Rumor: firm exploring strategic options"
1011,142.516,137.518,147.515,9.99754,0.000197117,-0.00024598,0,No news
1012,142.582,137.581,147.583,10.0027,0.000190024,0.00027035,0,No news
1013,142.799,137.792,147.806,10.0133,0.000190544,0.00132933,0,No news
1014,142.943,137.938,147.947,10.0081,0.000190078,0.000814449,0,No news
1015,143.81,138.781,148.839,10.0586,0.000189194,0.00586119,0,No news
1016,143.255,138.276,148.235,9.95948,0.000188528,-0.00405249,0,No news
1017,142.648,137.67,147.626,9.95563,0.000190287,-0.00443727,0,No news
1018,142.803,137.799,147.808,10.009,0.000188857,0.000897241,0,No news
1019,144.036,138.994,149.078,10.084,0.000190216,0.00840203,0,No news
1020,151.945,146.928,156.961,10.0325,0.000209167,0.00324637,0.05,"Global macro uncertainty rises"
1021,150.485,145.534,155.436,9.90142,0.000206682,-0.00985831,0,No news
1022,158.036,152.943,163.13,10.1876,0.000203247,0.0187576,0.03,"Rumor: firm exploring strategic options"
1023,158.016,153.017,163.014,9.99674,0.000195789,-0.000326071,0,No news
1024,158.534,153.519,163.549,10.0308,0.000190522,0.00308426,0,No news
1025,159.255,154.233,164.277,10.0435,0.000191644,0.00434561,0,No news
1026,158.885,153.898,163.873,9.97485,0.000190218,-0.00251494,0,No news
1027,158.332,153.35,163.314,9.96322,0.000190938,-0.00367838,0,No news
1028,158.625,153.617,163.633,10.0166,0.000191669,0.00165648,0,No news
1029,159.834,154.797,164.871,10.074,0.000191438,0.00740174,0,No news
1030,161.194,156.153,166.236,10.0828,0.000191505,0.00828371,0,No news
1031,160.414,155.439,165.389,9.94955,0.000190339,-0.00504486,0,No news
1032,159.437,154.469,164.406,9.93704,0.000190895,-0.00629584,0,No news
1033,158.261,153.299,163.223,9.92404,0.000189494,-0.00759634,0,No news
1034,157.883,152.896,162.87,9.97421,0.000187447,-0.00257885,0,No news
1035,158.261,153.25,163.272,10.0221,0.000187161,0.00220563,0,No news
1036,152.616,147.648,157.584,9.93526,0.000153182,-0.00647436,-0.03,"Rumor: firm exploring strategic options"
1037,150.867,145.925,155.808,9.88318,0.000154121,-0.0116824,0,No news
1038,150.367,145.385,155.35,9.96494,0.000189612,-0.00350609,0,No news
1039,150.505,145.501,155.508,10.0073,0.000187139,0.000726825,0,No news
1040,151.263,146.238,156.287,10.0484,0.000187342,0.00483613,0,No news
1041,152.309,147.275,157.342,10.0671,0.00018801,0.0067055,0,No news
1042,151.153,146.192,156.114,9.92195,0.000185976,-0.00780485,0,No news
1043,150.975,145.982,155.968,9.98638,0.000184956,-0.00136197,0,No news
1044,150.299,145.322,155.275,9.95325,0.000185174,-0.00467514,0,No news
1045,149.851,144.866,154.835,9.9683,0.000183118,-0.00316982,0,No news
1046,148.705,143.744,153.666,9.92145,0.00018073,-0.00785492,0,No news
1047,149.702,144.669,154.734,10.065,0.000180457,0.00650011,0,No news
1048,149.203,144.221,154.186,9.96485,0.000178813,-0.00351541,0,No news
1049,151.284,146.216,156.353,10.1368,0.000176976,0.0136763,0,No news
1050,149.995,145.039,154.951,9.91267,0.000173753,-0.00873331,0,No news
1051,152.52,147.438,157.603,10.1652,0.000175009,0.0165207,0,No news
1052,152.288,147.296,157.279,9.98305,0.000170209,-0.00169486,0,No news
1053,150.868,145.916,155.821,9.90463,0.000171056,-0.00953667,0,No news
1054,151.813,146.782,156.843,10.0607,0.000169878,0.00606923,0,No news
1055,151.531,146.542,156.521,9.97978,0.000167917,-0.00202169,0,No news
1056,150.615,145.646,155.584,9.93767,0.000166948,-0.00623284,0,No news
1057,151.139,146.123,156.156,10.0331,0.000166904,0.00330667,0,No news
1058,149.233,144.297,154.169,9.87146,0.00016171,-0.0128541,0,No news
1059,147.245,142.313,152.177,9.86427,0.000162885,-0.0135734,0,No news
1060,148.222,143.19,153.254,10.0645,0.000161814,0.00645108,0,No news
1061,149.159,144.128,154.19,10.0614,0.000163881,0.00613738,0,No news
1062,149.594,144.581,154.608,10.0275,0.000161678,0.00275447,0,No news
1063,148.495,143.532,153.457,9.92463,0.000159102,-0.00753732,0,No news
1064,149.074,144.055,154.092,10.0373,0.000156433,0.00373391,0,No news
1065,150.459,145.414,155.505,10.091,0.000155755,0.00909687,0,No news
1066,150.125,145.136,155.113,9.97619,0.000154047,-0.00238146,0,No news
1067,149.794,144.806,154.782,9.97641,0.000153302,-0.00235871,0,No news
1068,149.288,144.306,154.271,9.96467,0.000152435,-0.00353285,0,No news
1069,148.152,143.191,153.113,9.92206,0.000154607,-0.00779362,0,No news
1070,147.449,142.474,152.424,9.9508,0.000161417,-0.00491987,0,No news
1071,148.229,143.203,153.254,10.0511,0.000164802,0.00510966,0,No news
1072,149.961,144.904,155.019,10.1145,0.00016925,0.0114519,0,No news
1073,149.467,144.485,154.45,9.96533,0.000167805,-0.0034668,0,No news
1074,147.43,142.499,152.36,9.86103,0.000167982,-0.0138966,0,No news
1075,141.696,136.644,146.747,10.1028,4.8699e-05,0.0102841,-0.05,"Global macro uncertainty rises"
1076,142.868,137.827,147.909,10.0818,6.22846e-05,0.00817638,0,No news
1077,139.817,134.926,144.709,9.78343,7.2226e-05,-0.0216571,0,No news
1078,141.258,136.208,146.309,10.1008,0.000172618,0.0100804,0,No news
1079,141.957,136.933,146.981,10.0476,0.00017293,0.00475991,0,No news
1080,143.458,138.406,148.51,10.1035,0.000170913,0.0103476,0,No news
1081,143.01,138.026,147.994,9.96703,0.000170373,-0.0032969,0,No news
1082,138.493,133.404,143.582,10.1784,6.0581e-05,0.0178437,-0.05,"Global macro uncertainty rises"
1083,139.119,134.097,144.141,10.0446,4.98294e-05,0.00445968,0,No news
1084,141.979,136.878,147.081,10.203,5.35626e-05,0.0202983,0,No news
1085,143.521,138.468,148.574,10.1063,0.000167476,0.0106315,0,No news
1086,142.422,137.461,147.383,9.92151,0.000164388,-0.00784916,0,No news
1087,144.488,139.416,149.559,10.1423,0.000165661,0.014233,0,No news
1088,142.479,137.549,147.408,9.85833,0.000165554,-0.0141669,0,No news
1089,142.985,137.968,148.002,10.0338,0.000167388,0.00337977,0,No news
1090,142.745,137.754,147.736,9.98155,0.000165268,-0.00184511,0,No news
1091,141.964,136.992,146.935,9.94347,0.0001651,-0.00565323,0,No news
1092,143.296,138.25,148.342,10.0918,0.000162091,0.00917723,0,No news
1093,142.283,137.168,147.397,10.2282,8.25682e-05,0.0228225,-0.03,"Rumor: firm exploring strategic options"
1094,143.173,138.142,148.204,10.0616,7.94135e-05,0.00616003,0,No news
1095,143.072,138.076,148.067,9.99132,0.000159822,-0.000867816,0,No news
1096,142.531,137.551,147.511,9.96053,0.000160649,-0.00394658,0,No news
1097,145.877,140.761,150.992,10.2304,0.000161091,0.0230388,0,No news
1098,145.003,140.034,149.972,9.93832,0.00016279,-0.0061676,0,No news
1099,144.435,139.455,149.415,9.95911,0.000162404,-0.00408856,0,No news
1100,144.837,139.824,149.85,10.0261,0.000165801,0.00261409,0,No news
1101,144.591,139.6,149.581,9.98131,0.000165772,-0.00186892,0,No news
1102,145.704,140.666,150.741,10.075,0.000171488,0.00749634,0,No news
1103,145.615,140.619,150.611,9.99218,0.000172038,-0.000782474,0,No news
1104,145.151,140.168,150.135,9.96643,0.000171073,-0.00335741,0,No news
1105,143.812,138.859,148.765,9.90563,0.000167337,-0.00943661,0,No news
1106,142.711,137.75,147.671,9.9214,0.00017087,-0.00786047,0,No news
1107,142.121,137.143,147.1,9.95692,0.000169723,-0.0043082,0,No news
1108,143.406,138.362,148.45,10.0883,0.000168101,0.008833,0,No news
1109,146.747,141.633,151.861,10.2286,0.000164551,0.022864,0,No news
1110,149.161,144.081,154.242,10.1615,0.000165157,0.0161544,0,No news
1111,148.661,143.679,153.643,9.96473,0.000166019,-0.00352726,0,No news
1112,148.593,143.596,153.59,9.99378,0.000164003,-0.00062203,0,No news
1113,148.512,143.515,153.508,9.9929,0.00016495,-0.000710026,0,No news
1114,148.704,143.698,153.71,10.0113,0.000164959,0.00112861,0,No news
1115,154.542,149.6,159.484,9.88387,0.000119302,-0.011613,0.05,"Global macro uncertainty rises"
1116,151.957,147.042,156.872,9.83016,0.000119421,-0.0169842,0,No news
1117,148.784,143.89,153.678,9.78774,0.000119957,-0.0212256,0,No news
1118,146.462,141.541,151.382,9.84102,0.000168347,-0.0158979,0,No news
1119,149.191,144.1,154.283,10.183,0.000166622,0.0182978,0,No news
1120,147.735,142.785,152.685,9.90021,0.000167696,-0.00997878,0,No news
1121,148.057,143.047,153.067,10.0202,0.000165269,0.00201603,0,No news
1122,147.162,142.193,152.131,9.93765,0.000167819,-0.00623517,0,No news
1123,148.422,143.38,153.463,10.0836,0.000165975,0.00835834,0,No news
1124,148.773,143.762,153.784,10.022,0.000168799,0.00219644,0,No news
1125,150.78,145.714,155.846,10.1323,0.000167761,0.013233,0,No news
1126,150.444,145.456,155.432,9.97597,0.000169071,-0.00240312,0,No news
1127,150.311,145.317,155.306,9.98954,0.000166384,-0.00104581,0,No news
1128,147.787,142.872,152.701,9.82895,0.000166425,-0.0171046,0,No news
1129,146.215,141.269,151.161,9.89147,0.000160095,-0.0108535,0,No news
1130,147.398,142.608,152.188,9.57975,8.60117e-05,-0.0420252,0.05,"Global macro uncertainty rises"
1131,149.1,144.043,154.157,10.1139,8.55378e-05,0.011392,0,No news
1132,149.391,144.382,154.401,10.0187,8.77815e-05,0.00186619,0,No news
1133,148.857,143.876,153.839,9.96261,0.000158455,-0.00373887,0,No news
1134,146.47,141.552,151.389,9.83678,0.000156353,-0.0163224,0,No news
1135,145.708,140.735,150.682,9.9463,0.000154786,-0.00537033,0,No news
1136,140.882,135.901,145.863,9.96251,6.37097e-05,-0.00374893,-0.03,"Rumor: firm exploring strategic options"
1137,136.054,131.228,140.879,9.65064,6.36959e-05,-0.0349361,0,No news
1138,132.861,127.98,137.741,9.76097,0.000153625,-0.0239029,0,No news
1139,140.062,134.949,145.176,10.2268,0.000108682,0.0226777,0.03,"Rumor: firm exploring strategic options"
1140,140.8,135.774,145.826,10.0515,0.000105811,0.00514751,0,No news
1141,138.584,133.664,143.504,9.83977,0.000156848,-0.0160226,0,No news
1142,137.338,132.384,142.292,9.90815,0.000153208,-0.00918475,0,No news
1143,136.875,131.893,141.857,9.96471,0.000153708,-0.00352866,0,No news
1144,136.588,131.6,141.577,9.97749,0.000155261,-0.00225096,0,No news
1145,137.821,132.777,142.865,10.0883,0.000155765,0.00882881,0,No news
1146,138.765,133.732,143.798,10.0667,0.000153048,0.00667198,0,No news
1147,138.21,133.23,143.189,9.95835,0.000154063,-0.00416519,0,No news
1148,139.89,134.831,144.95,10.1193,0.000154036,0.0119336,0,No news
1149,141.064,136.023,146.105,10.082,0.00015444,0.00819766,0,No news
1150,141.62,136.601,146.639,10.0378,0.000154376,0.00378226,0,No news
1151,142.988,137.941,148.036,10.0946,0.000156751,0.00945892,0,No news
1152,141.941,136.978,146.903,9.92489,0.000156518,-0.00751052,0,No news
1153,141.372,136.393,146.351,9.95831,0.000154983,-0.0041692,0,No news
1154,141.753,136.741,146.766,10.0254,0.000151011,0.00254318,0,No news
1155,140.635,135.676,145.595,9.91932,0.000149486,-0.00806849,0,No news
1156,140.683,135.682,145.684,10.0019,0.000150899,0.000189358,0,No news
1157,140.897,135.89,145.904,10.0136,0.000151819,0.00136465,0,No news
1158,140.171,135.197,145.144,9.9468,0.000153061,-0.00532029,0,No news
1159,138.842,133.891,143.794,9.90323,0.000155346,-0.00967677,0,No news
1160,138.35,133.369,143.332,9.96291,0.000160091,-0.00370887,0,No news
1161,136.457,131.527,141.388,9.86066,0.000156523,-0.0139345,0,No news
1162,134.826,129.887,139.765,9.87812,0.000159228,-0.0121879,0,No news
1163,133.472,128.524,138.421,9.89754,0.000156978,-0.0102455,0,No news
1164,132.97,127.99,137.95,9.96071,0.000158485,-0.00392929,0,No news
1165,129.98,124.844,135.116,10.2724,2.27612e-05,0.0272359,-0.05,"Global macro uncertainty rises"
1166,129.423,124.445,134.402,9.95668,3.79232e-05,-0.00433188,0,No news
1167,130.47,125.43,135.51,10.08,5.29408e-05,0.00800295,0,No news
1168,132.457,127.383,137.532,10.1495,0.000170502,0.0149453,0,No news
1169,132.289,127.296,137.282,9.98558,0.000172961,-0.00144196,0,No news
1170,132.609,127.598,137.621,10.0224,0.000173548,0.00224272,0,No news
1171,132.564,127.567,137.562,9.99483,0.000177428,-0.000516554,0,No news
1172,132.456,127.461,137.451,9.99004,0.000174736,-0.000995763,0,No news
1173,132.336,127.341,137.33,9.98923,0.000172798,-0.00107703,0,No news
1174,132.024,127.036,137.011,9.97466,0.000171883,-0.00253381,0,No news
1175,131.656,126.671,136.641,9.97036,0.000177692,-0.00296388,0,No news
1176,132.619,127.584,137.655,10.0711,0.000176593,0.00711183,0,No news
1177,132.718,127.715,137.721,10.0057,0.000176302,0.000566269,0,No news
1178,132.42,127.432,137.408,9.97574,0.000176926,-0.00242589,0,No news
1179,132.413,127.414,137.412,9.99774,0.000176942,-0.00022591,0,No news
1180,131.816,126.839,136.792,9.95297,0.000178878,-0.00470259,0,No news
1181,132.285,127.268,137.302,10.0337,0.000180186,0.0033739,0,No news
1182,133.701,128.648,138.753,10.1046,0.000182108,0.0104632,0,No news
1183,133.296,128.313,138.28,9.96791,0.000181137,-0.00320866,0,No news
1184,133.796,128.779,138.814,10.0356,0.00018064,0.00356235,0,No news
1185,132.625,127.669,137.58,9.91023,0.000181105,-0.00897731,0,No news
1186,132.916,127.906,137.926,10.0202,0.000177962,0.00201823,0,No news
1187,133.106,128.1,138.112,10.0125,0.000177861,0.00124995,0,No news
1188,131.824,126.873,136.774,9.9014,0.000178265,-0.00985957,0,No news
1189,132.878,127.839,137.917,10.0779,0.000180208,0.00778797,0,No news
1190,132.386,127.405,137.366,9.96108,0.00017716,-0.00389237,0,No news
1191,126.708,121.677,131.738,10.0607,9.53197e-05,0.00606782,-0.05,"Global macro uncertainty rises"
1192,126.662,121.665,131.66,9.99541,0.000102316,-0.000459409,0,No news
1193,125.309,120.363,130.255,9.89159,9.99726e-05,-0.0108405,0,No news
1194,128.623,123.643,133.602,9.95929,0.000170839,-0.00407084,0.03,"Rumor: firm exploring strategic options"
1195,125.629,120.748,130.511,9.7628,0.000170146,-0.0237198,0,No news
1196,125.017,120.043,129.992,9.94937,0.000180623,-0.00506267,0,No news
1197,125.826,120.794,130.857,10.0627,0.000179363,0.00626655,0,No news
1198,126.548,121.52,131.576,10.0555,0.000178715,0.00554642,0,No news
1199,125.501,120.543,130.458,9.91507,0.000182399,-0.00849261,0,No news
1200,125.015,120.036,129.995,9.95939,0.000183289,-0.00406095,0,No news
1201,124.456,119.479,129.433,9.95334,0.000182547,-0.00466571,0,No news
1202,124.885,119.869,129.901,10.0326,0.000185107,0.00325564,0,No news
1203,123.237,118.304,128.169,9.86531,0.000183334,-0.013469,0,No news
1204,123.121,118.127,128.115,9.98879,0.000181508,-0.00112114,0,No news
1205,124.118,119.079,129.158,10.0788,0.000181627,0.00788449,0,No news
1206,123.28,118.314,128.245,9.93041,0.000179787,-0.00695907,0,No news
1207,124.469,119.422,129.516,10.0942,0.00017857,0.00942437,0,No news
1208,126.026,121.114,130.937,9.82267,0.000161506,-0.017733,0.03,"Rumor: firm exploring strategic options"
1209,125.18,120.215,130.146,9.93112,0.000158061,-0.00688759,0,No news
1210,126.39,121.343,131.437,10.0944,0.000175582,0.00944242,0,No news
1211,126.784,121.769,131.799,10.0293,0.000174948,0.00293448,0,No news
1212,126.463,121.477,131.45,9.97296,0.000173851,-0.00270447,0,No news
1213,125.032,120.09,129.974,9.88446,0.000170042,-0.0115542,0,No news
1214,124.717,119.73,129.703,9.97303,0.000171584,-0.00269723,0,No news
1215,125.453,120.424,130.481,10.0571,0.000170585,0.00571359,0,No news
1216,124.996,120.015,129.977,9.96183,0.000171607,-0.00381673,0,No news
1217,124.974,119.976,129.972,9.99652,0.000170107,-0.000347973,0,No news
1218,124.994,119.994,129.993,9.99988,0.00016952,-1.23439e-05,0,No news
1219,125.634,120.609,130.658,10.0494,0.000168282,0.00494038,0,No news
1220,126.65,121.61,131.689,10.0788,0.000170078,0.00788326,0,No news
1221,127.313,122.288,132.339,10.0506,0.000170459,0.00505814,0,No news
1222,127.187,122.193,132.181,9.98838,0.000166891,-0.0011618,0,No news
1223,127.033,122.04,132.026,9.9862,0.000170276,-0.0013796,0,No news
1224,128.611,123.55,133.672,10.1218,0.000169711,0.012176,0,No news
1225,128.29,123.304,133.277,9.97332,0.000168527,-0.00266755,0,No news
1226,127.559,122.589,132.53,9.94119,0.000168905,-0.00588086,0,No news
1227,127.881,122.869,132.892,10.0234,0.000169233,0.00234453,0,No news
1228,127.361,122.382,132.34,9.9576,0.000170347,-0.00424005,0,No news
1229,128.394,123.354,133.434,10.0791,0.00017052,0.00790608,0,No news
1230,127.95,122.968,132.931,9.96361,0.000172134,-0.00363923,0,No news
1231,126.241,121.309,131.173,9.86385,0.000172483,-0.0136147,0,No news
1232,126.255,121.255,131.255,9.99936,0.00017187,-6.36408e-05,0,No news
1233,126.695,121.679,131.712,10.0331,0.000169502,0.00331285,0,No news
1234,125.843,120.878,130.808,9.93082,0.000168938,-0.00691837,0,No news
1235,125.952,120.949,130.956,10.007,0.000169094,0.000699913,0,No news
1236,125.591,120.606,130.575,9.96953,0.000171402,-0.00304746,0,No news
1237,126.437,121.405,131.47,10.0655,0.00017147,0.00654666,0,No news
1238,126.883,121.866,131.9,10.0335,0.000168812,0.00334918,0,No news
1239,126.774,121.78,131.769,9.98976,0.000168878,-0.00102423,0,No news
1240,126.813,121.813,131.814,10.0013,0.000175792,0.0001315,0,No news
1241,126.898,121.895,131.9,10.0049,0.000177133,0.00048963,0,No news
1242,125.842,120.885,130.8,9.91471,0.000173894,-0.00852855,0,No news
1243,118.116,113.183,123.049,9.86556,8.28132e-05,-0.0134441,-0.05,"Global macro uncertainty rises"
1244,120.521,115.42,125.621,10.2007,7.87204e-05,0.0200742,0,No news
1245,120.658,115.653,125.663,10.0106,7.72496e-05,0.00106108,0,No news
1246,119.414,114.467,124.362,9.89464,0.000175967,-0.0105359,0,No news
1247,119.255,114.262,124.247,9.98487,0.000176564,-0.00151311,0,No news
1248,118.713,113.737,123.689,9.95267,0.000180031,-0.00473296,0,No news
1249,118.619,113.624,123.614,9.9903,0.000179934,-0.000969889,0,No news
1250,117.773,112.81,122.736,9.92661,0.000179954,-0.00733938,0,No news
1251,118.334,113.312,123.357,10.0458,0.000179749,0.00457541,0,No news
1252,118.504,113.498,123.51,10.0125,0.00017816,0.00125383,0,No news
1253,118.369,113.376,123.363,9.98686,0.000176175,-0.00131412,0,No news
1254,118.139,113.149,123.128,9.97878,0.000171694,-0.00212208,0,No news
1255,118.246,113.242,123.249,10.0073,0.00017226,0.000733342,0,No news
1256,119.348,114.302,124.393,10.091,0.00017469,0.00910413,0,No news
1257,118.123,113.175,123.07,9.89504,0.000176677,-0.0104959,0,No news
1258,117.633,112.655,122.612,9.95671,0.000178036,-0.00432933,0,No news
1259,117.854,112.845,122.862,10.0169,0.000177052,0.00169337,0,No news
1260,116.531,111.588,121.474,9.88536,0.000177419,-0.0114645,0,No news
1261,110.882,105.881,115.883,10.0022,8.84715e-05,0.000224647,-0.05,"Global macro uncertainty rises"
1262,112.156,107.099,117.212,10.1133,8.89533e-05,0.0113293,0,No news
1263,111.993,107.001,116.985,9.98466,8.4426e-05,-0.00153433,0,No news
1264,112.078,107.076,117.081,10.0058,0.000181322,0.000580669,0,No news
1265,112.332,107.322,117.343,10.0208,0.000183827,0.002077,0,No news
1266,111.871,106.892,116.849,9.95701,0.000181782,-0.0042991,0,No news
1267,112.065,107.057,117.072,10.0155,0.000181258,0.00155197,0,No news
1268,113.126,108.08,118.173,10.0925,0.000182592,0.00924722,0,No news
1269,113.166,108.165,118.167,10.0016,0.000184596,0.000163529,0,No news
1270,113.263,108.26,118.267,10.0068,0.000181442,0.000679139,0,No news
1271,112.918,107.934,117.901,9.96763,0.000180657,-0.0032366,0,No news
1272,113.263,108.248,118.277,10.0287,0.000180486,0.00287079,0,No news
1273,114.319,109.274,119.365,10.0911,0.000178542,0.00910501,0,No news
1274,114.7,109.685,119.716,10.0315,0.000178959,0.00315059,0,No news
1275,115.53,110.495,120.565,10.0703,0.000178453,0.00702731,0,No news
1276,114.563,109.606,119.52,9.9142,0.000179602,-0.00858006,0,No news
1277,114.326,109.337,119.315,9.97749,0.000175726,-0.00225107,0,No news
1278,113.873,108.894,118.852,9.95859,0.00017152,-0.00414088,0,No news
1279,115.427,110.36,120.493,10.1338,0.000173396,0.0133778,0,No news
1280,115.613,110.605,120.62,10.0144,0.000173108,0.00143623,0,No news
1281,113.715,108.798,118.631,9.83274,0.000174684,-0.0167261,0,No news
1282,114.763,109.718,119.808,10.09,0.000174477,0.00899947,0,No news
1283,115.007,109.997,120.017,10.0195,0.000175094,0.0019502,0,No news
1284,113.788,108.842,118.734,9.89174,0.000174332,-0.0108261,0,No news
1285,111.207,106.172,116.242,10.0694,0.000117672,0.00693646,-0.03,"Rumor: firm exploring strategic options"
1286,110.638,105.665,115.612,9.94754,0.000117459,-0.00524555,0,No news
1287,111.188,106.164,116.212,10.0479,0.000172081,0.0047881,0,No news
1288,111.047,106.054,116.039,9.9855,0.00017286,-0.00144991,0,No news
1289,112.478,107.415,117.541,10.1263,0.00017392,0.0126335,0,No news
1290,113.387,108.348,118.427,10.0788,0.000174113,0.00787942,0,No news
1291,113.544,108.538,118.55,10.0121,0.000172846,0.0012098,0,No news
1292,112.435,107.485,117.385,9.90009,0.000175924,-0.0099907,0,No news
1293,112.5,107.498,117.502,10.004,0.000173424,0.000399865,0,No news
1294,112.732,107.723,117.742,10.0189,0.000179664,0.00188503,0,No news
1295,112.851,107.847,117.855,10.0087,0.000180175,0.00087287,0,No news
1296,113.359,108.338,118.381,10.0431,0.00018134,0.00431241,0,No news
1297,113.683,108.67,118.697,10.0267,0.000181094,0.00267321,0,No news
1298,110.031,104.944,115.117,10.1726,8.24774e-05,0.0172581,-0.05,"Global macro uncertainty rises"
1299,111.645,106.572,116.717,10.1449,7.62719e-05,0.0144895,0,No news
1300,114.212,109.099,119.326,10.2266,7.85566e-05,0.0226561,0,No news
1301,114.115,109.121,119.11,9.98973,0.000179121,-0.00102719,0,No news
1302,114.747,109.721,119.774,10.0534,0.000178865,0.00534445,0,No news
1303,114.685,109.688,119.681,9.99275,0.000177446,-0.000724698,0,No news
1304,113.757,108.798,118.715,9.91697,0.000178922,-0.00830267,0,No news
1305,113.043,108.075,118.01,9.93525,0.000178922,-0.00647485,0,No news
1306,112.705,107.721,117.689,9.96829,0.000178609,-0.00317082,0,No news
1307,114.183,109.119,119.247,10.1285,0.000177299,0.0128504,0,No news
1308,114.346,109.34,119.352,10.0125,0.000177048,0.0012509,0,No news
1309,114.849,109.828,119.87,10.0422,0.000175926,0.00421539,0,No news
1310,115.919,110.873,120.964,10.0909,0.000175324,0.0090916,0,No news
1311,116.736,111.702,121.77,10.0685,0.000174732,0.00685049,0,No news
1312,118.063,113.007,123.118,10.1113,0.000174066,0.011128,0,No news
1313,118.291,113.282,123.3,10.0176,0.000170932,0.00176173,0,No news
1314,118.126,113.134,123.119,9.98433,0.000174283,-0.00156745,0,No news
1315,120.226,115.139,125.313,10.1744,0.000173232,0.0174441,0,No news
1316,121.304,116.26,126.348,10.0875,0.000174555,0.00875106,0,No news
1317,120.23,115.276,125.185,9.90934,0.000176854,-0.00906615,0,No news
1318,120.669,115.652,125.687,10.0347,0.000177686,0.00346884,0,No news
1319,120.925,115.915,125.934,10.0194,0.000176507,0.00193644,0,No news
1320,120.677,115.688,125.666,9.97773,0.000176066,-0.00222667,0,No news
1321,120.839,115.834,125.845,10.0117,0.000174831,0.00117075,0,No news
1322,120.406,115.425,125.387,9.96229,0.000177837,-0.00377115,0,No news
1323,120.409,115.41,125.409,9.99848,0.000179666,-0.000151816,0,No news
1324,120.882,115.863,125.901,10.0374,0.00017977,0.0037372,0,No news
1325,120.418,115.438,125.398,9.95977,0.000175697,-0.00402272,0,No news
1326,119.165,114.218,124.112,9.89361,0.000177865,-0.0106387,0,No news
1327,119.467,114.455,124.479,10.0236,0.000175949,0.00235776,0,No news
1328,120.328,115.293,125.363,10.0701,0.00017296,0.00700544,0,No news
1329,119.799,114.822,124.777,9.95429,0.000170694,-0.00457085,0,No news
1330,121.05,115.999,126.102,10.1022,0.000167793,0.010221,0,No news
1331,120.783,115.795,125.771,9.97625,0.000165269,-0.0023748,0,No news
1332,118.323,113.427,123.219,9.7925,0.000168883,-0.0207496,0,No news
1333,118.383,113.381,123.385,10.0034,0.000166901,0.000340558,0,No news
1334,119.288,114.251,124.325,10.0744,0.000170964,0.0074436,0,No news
1335,118.912,113.928,123.895,9.9667,0.000171833,-0.0033302,0,No news
1336,119.265,114.251,124.279,10.0279,0.000175444,0.00279195,0,No news
1337,118.061,113.112,123.009,9.8967,0.000178588,-0.0103296,0,No news
1338,117.544,112.567,122.522,9.95439,0.00017954,-0.00456111,0,No news
1339,117.509,112.511,122.507,9.99519,0.000180274,-0.000481096,0,No news
1340,117.887,112.872,122.903,10.0304,0.000179751,0.00303556,0,No news
1341,118.445,113.423,123.468,10.0454,0.000180555,0.00454154,0,No news
1342,118.839,113.823,123.854,10.0313,0.000179325,0.0031347,0,No news
1343,119.405,114.382,124.428,10.0457,0.000185304,0.00456955,0,No news
1344,118.238,113.288,123.188,9.89998,0.000184261,-0.0100022,0,No news
1345,118.614,113.599,123.629,10.0299,0.000184742,0.00298573,0,No news
1346,119.109,114.089,124.129,10.0398,0.00018547,0.00398043,0,No news
1347,119.961,114.927,124.996,10.0695,0.000184837,0.00694563,0,No news
1348,119.007,114.048,123.967,9.9183,0.000185898,-0.00816983,0,No news
1349,118.345,113.374,123.316,9.94231,0.000185671,-0.00576894,0,No news
1350,118.346,113.347,123.345,9.99822,0.000186514,-0.000178094,0,No news
1351,118.551,113.544,123.559,10.0155,0.000187526,0.00154717,0,No news
1352,118.699,113.694,123.704,10.0105,0.000189662,0.00105492,0,No news
1353,118.427,113.439,123.414,9.97513,0.000191183,-0.00248709,0,No news
1354,119.62,114.571,124.669,10.0984,0.000190475,0.00983593,0,No news
1355,119.956,114.943,124.969,10.0261,0.000190701,0.00261175,0,No news
1356,119.458,114.48,124.437,9.95655,0.000189661,-0.00434499,0,No news
1357,120.346,115.31,125.382,10.0722,0.000190369,0.00721567,0,No news
1358,120.809,115.79,125.827,10.0364,0.000190338,0.00364327,0,No news
1359,121.215,116.199,126.231,10.0317,0.000191472,0.00316779,0,No news
1360,120.728,115.749,125.707,9.95784,0.000190371,-0.00421635,0,No news
1361,120.373,115.389,125.358,9.96866,0.000189481,-0.00313389,0,No news
1362,120.491,115.487,125.495,10.0079,0.000189256,0.000791538,0,No news
1363,120.089,115.106,125.071,9.96466,0.000186248,-0.00353441,0,No news
1364,120.818,115.789,125.847,10.0587,0.000186087,0.00586897,0,No news
1365,121.432,116.407,126.456,10.0488,0.000188645,0.00487994,0,No news
1366,121.143,116.156,126.13,9.97433,0.000187205,-0.00256665,0,No news
1367,121.453,116.441,126.465,10.0237,0.000184773,0.00236959,0,No news
1368,120.989,116.009,125.968,9.95984,0.000183718,-0.00401562,0,No news
1369,120.281,115.311,125.251,9.93951,0.000185439,-0.00604947,0,No news
1370,119.977,114.99,124.963,9.97282,0.000183878,-0.00271771,0,No news
1371,120.568,115.544,125.591,10.0473,0.000182371,0.00473141,0,No news
1372,117.272,112.261,122.282,10.0214,0.000140731,0.00213989,-0.03,"Rumor: firm exploring strategic options"
1373,119.074,113.999,124.15,10.1511,0.000146916,0.015109,0,No news
1374,119.323,114.314,124.333,10.019,0.000186219,0.00189995,0,No news
1375,118.953,113.97,123.937,9.96711,0.000184019,-0.00328897,0,No news
1376,118.726,113.736,123.715,9.97903,0.000184785,-0.00209719,0,No news
1377,117.704,112.748,122.66,9.91168,0.000187934,-0.00883206,0,No news
1378,117.452,112.464,122.441,9.97671,0.000187821,-0.00232858,0,No news
1379,116.837,111.864,121.81,9.94564,0.000185806,-0.00543618,0,No news
1380,116.787,111.79,121.783,9.99378,0.000187357,-0.000621573,0,No news
1381,117.082,112.071,122.094,10.0234,0.000187035,0.00234191,0,No news
1382,117.879,112.846,122.912,10.0659,0.000186888,0.00659133,0,No news
1383,119.282,114.224,124.341,10.1165,0.000186304,0.0116529,0,No news
1384,119.973,114.945,125.001,10.0559,0.000187215,0.00558646,0,No news
1385,120.269,115.257,125.28,10.0227,0.000186206,0.00227273,0,No news
1386,120.328,115.326,125.329,10.0031,0.000186258,0.000305322,0,No news
1387,121.276,116.237,126.314,10.0766,0.000187129,0.0076615,0,No news
1388,121.364,116.361,126.366,10.0054,0.000187875,0.000536211,0,No news
1389,122.158,117.127,127.19,10.0634,0.000187591,0.00634038,0,No news
1390,122.263,117.26,127.267,10.0067,0.000188288,0.000669633,0,No news
1391,121.663,116.689,126.638,9.94894,0.000186583,-0.00510644,0,No news
1392,122.591,117.554,127.628,10.0741,0.000185132,0.00741472,0,No news
1393,122.5,117.504,127.495,9.99067,0.000183609,-0.000932813,0,No news
1394,123.014,117.994,128.034,10.0401,0.000182744,0.00401033,0,No news
1395,122.527,117.548,127.506,9.95849,0.000179993,-0.00415114,0,No news
1396,122.358,117.366,127.351,9.98445,0.000179252,-0.00155476,0,No news
1397,122.894,117.873,127.915,10.0419,0.000180251,0.00418783,0,No news
1398,122.637,117.648,127.626,9.97724,0.000181698,-0.0022758,0,No news
1399,121.911,116.942,126.881,9.93882,0.000183738,-0.00611811,0,No news
1400,122.662,117.632,127.692,10.0596,0.000182691,0.00595758,0,No news
1401,122.204,117.223,127.184,9.96074,0.000180041,-0.00392569,0,No news
1402,121.756,116.775,126.737,9.96151,0.000181026,-0.00384873,0,No news
1403,122.551,117.52,127.583,10.0633,0.000178236,0.00633002,0,No news
1404,122.855,117.843,127.866,10.023,0.000177176,0.00229658,0,No news
1405,123.314,118.296,128.332,10.0355,0.000179091,0.00355324,0,No news
1406,123.93,118.906,128.954,10.048,0.000182209,0.00479839,0,No news
1407,123.737,118.746,128.728,9.98262,0.000181625,-0.00173816,0,No news
1408,124.068,119.056,129.08,10.0249,0.000183182,0.00248782,0,No news
1409,124.105,119.104,129.105,10.0011,0.000184119,0.000112317,0,No news
1410,124.989,119.955,130.024,10.0692,0.000183598,0.00691765,0,No news
1411,124.429,119.452,129.405,9.95324,0.000180268,-0.0046756,0,No news
1412,123.447,118.488,128.407,9.919,0.000180104,-0.00809961,0,No news
1413,124.189,119.16,129.218,10.0581,0.000182065,0.00580928,0,No news
1414,124.379,119.373,129.386,10.0135,0.000181316,0.0013504,0,No news
1415,123.949,118.967,128.931,9.96354,0.000180818,-0.00364608,0,No news
1416,124.615,119.589,129.64,10.0518,0.000178194,0.00517643,0,No news
1417,128.514,123.51,133.517,10.0064,0.000166541,0.000642803,0.03,"Rumor: firm exploring strategic options"
1418,126.793,121.861,131.725,9.8635,0.000169773,-0.0136501,0,No news
1419,127.232,122.216,132.248,10.0327,0.000182641,0.00327442,0,No news
1420,125.485,120.555,130.415,9.85988,0.000184261,-0.0140118,0,No news
1421,125.589,120.586,130.592,10.0065,0.000182422,0.000646053,0,No news
1422,126.364,121.334,131.394,10.0597,0.000180182,0.00597401,0,No news
1423,127.013,121.988,132.037,10.0494,0.000182359,0.00493734,0,No news
1424,127.538,122.518,132.558,10.0395,0.000180475,0.00394747,0,No news
1425,127.174,122.189,132.159,9.96963,0.000177855,-0.00303684,0,No news
1426,133.657,128.659,138.655,9.99558,0.000164392,-0.000441923,0.05,"Global macro uncertainty rises"
1427,133.94,128.93,138.95,10.0197,0.000143271,0.00197328,0,No news
1428,137.929,132.783,143.075,10.292,0.000149553,0.0291986,0,No news
1429,138.58,133.558,143.603,10.0453,0.000173348,0.00453464,0,No news
1430,138.161,133.177,143.145,9.96795,0.000173797,-0.00320451,0,No news
1431,138.454,133.444,143.464,10.0195,0.00017246,0.00194598,0,No news
1432,138.873,133.859,143.887,10.0285,0.000174069,0.00284882,0,No news
1433,138.625,133.635,143.615,9.98039,0.000171825,-0.00196097,0,No news
1434,139.512,134.481,144.543,10.0621,0.000169096,0.00620715,0,No news
1435,139.854,134.843,144.866,10.0228,0.000171882,0.00228245,0,No news
1436,140.218,135.206,145.23,10.0242,0.000168527,0.00242486,0,No news
1437,140.402,135.396,145.407,10.0115,0.000163485,0.00114689,0,No news
1438,139.49,134.524,144.457,9.93324,0.000164935,-0.00667589,0,No news
1439,139.995,134.977,145.012,10.0345,0.000161309,0.00344674,0,No news
1440,141.305,136.259,146.351,10.0916,0.000161281,0.00915561,0,No news
1441,141.102,136.11,146.094,9.984,0.000163696,-0.00159965,0,No news
1442,142.701,137.646,147.757,10.1111,0.000161862,0.0111087,0,No news
1443,143.231,138.213,148.249,10.0354,0.000160963,0.00354417,0,No news
1444,144.944,139.885,150.003,10.1173,0.000160277,0.0117276,0,No news
1445,146.592,141.536,151.647,10.1114,0.000158646,0.0111441,0,No news
1446,146.414,141.421,151.407,9.98628,0.000157034,-0.00137188,0,No news
1447,145.739,140.763,150.716,9.95224,0.0001605,-0.0047761,0,No news
1448,146.727,141.694,151.76,10.0659,0.000158813,0.00659448,0,No news
1449,147.378,142.357,152.4,10.0427,0.000161935,0.00426797,0,No news
1450,147.882,142.866,152.899,10.0325,0.000163825,0.00325009,0,No news
1451,147.968,142.965,152.97,10.0042,0.000159124,0.00041652,0,No news
1452,148.594,143.574,153.615,10.0407,0.000158759,0.00406865,0,No news
1453,143.204,138.239,148.169,9.92965,8.34016e-05,-0.00703488,-0.03,"Rumor: firm exploring strategic options"
1454,145.213,140.144,150.282,10.1385,8.06095e-05,0.0138529,0,No news
1455,145.891,140.869,150.914,10.045,0.000162161,0.00449615,0,No news
1456,145.158,140.184,150.132,9.9481,0.000154305,-0.0051901,0,No news
1457,145.142,140.143,150.141,9.99734,0.000153316,-0.000266439,0,No news
1458,145.482,140.471,150.493,10.0219,0.000154439,0.00218876,0,No news
1459,149.042,143.922,154.163,10.2402,0.000155856,0.02402,0,No news
1460,147.554,142.605,152.503,9.89805,0.000155152,-0.010195,0,No news
1461,147.082,142.099,152.066,9.96651,0.000151614,-0.0033491,0,No news
1462,145.567,140.62,150.515,9.89491,0.000153464,-0.0105089,0,No news
1463,145.224,140.237,150.212,9.97491,0.000151127,-0.00250851,0,No news
1464,145.945,140.921,150.969,10.0479,0.000155858,0.00479094,0,No news
1465,142.688,137.801,147.574,9.77279,0.00015114,-0.0227208,0,No news
1466,143.101,138.087,148.114,10.0274,0.000151986,0.00273871,0,No news
1467,144.473,139.426,149.52,10.0939,0.000153464,0.00938765,0,No news
1468,142.705,137.767,147.643,9.87538,0.000152765,-0.0124624,0,No news
1469,142.008,137.033,146.982,9.9495,0.00014976,-0.0050497,0,No news
1470,140.471,135.526,145.416,9.88977,0.000142244,-0.0110228,0,No news
1471,138.538,133.608,143.468,9.86008,0.000137383,-0.0139922,0,No news
1472,136.627,131.697,141.557,9.85976,0.000131015,-0.0140236,0,No news
1473,142.453,137.394,147.511,10.117,5.73711e-05,0.0117001,0.03,"Rumor: firm exploring strategic options"
1474,149.765,144.515,155.015,10.5001,5.43359e-05,0.0500056,0,No news
1475,152.434,147.346,157.522,10.1753,0.000133085,0.0175283,0,No news
1476,151.393,146.428,156.358,9.93017,0.000133644,-0.00698282,0,No news
1477,149.287,144.358,154.217,9.85857,0.0001355,-0.0141434,0,No news
1478,149.912,144.892,154.932,10.0404,0.000134799,0.00403807,0,No news
1479,151.377,146.329,156.425,10.0959,0.000134701,0.00959241,0,No news
1480,152.129,147.105,157.154,10.0482,0.000134699,0.00482297,0,No news
1481,152.81,147.788,157.832,10.0433,0.000137488,0.00432641,0,No news
1482,154.099,149.058,159.14,10.0826,0.000138379,0.0082613,0,No news
1483,155.807,150.753,160.862,10.1088,0.000145033,0.0108795,0,No news
1484,158.815,153.72,163.909,10.1897,0.00014985,0.0189681,0,No news
1485,160.301,155.255,165.347,10.0916,0.000149086,0.0091649,0,No news
1486,161.993,156.941,167.045,10.1035,0.000150284,0.0103502,0,No news
1487,160.005,155.068,164.943,9.87504,0.000151424,-0.0124958,0,No news
1488,160.06,155.059,165.061,10.002,0.00014335,0.000197075,0,No news
1489,158.793,153.833,163.752,9.91907,0.000144137,-0.00809342,0,No news
1490,157.046,152.102,161.99,9.88793,0.000148921,-0.011207,0,No news
1491,160.926,155.805,166.047,10.2426,0.000149294,0.0242553,0,No news
1492,163.179,158.111,168.248,10.1376,0.000144099,0.0137614,0,No news
1493,165.764,160.686,170.841,10.1557,0.000143864,0.0155678,0,No news
1494,161.874,156.993,166.754,9.76111,0.000143334,-0.0238888,0,No news
1495,162.481,157.463,167.499,10.036,0.000141669,0.00360293,0,No news
1496,161.465,156.497,166.432,9.93586,0.000137782,-0.00641398,0,No news
1497,158.999,154.077,163.922,9.84475,0.00014001,-0.0155252,0,No news
1498,161.18,156.113,166.248,10.1349,0.000138357,0.0134854,0,No news
1499,158.055,153.154,162.957,9.80285,0.000135325,-0.0197146,0,No news
1500,157.362,152.384,162.339,9.9547,0.000131905,-0.00452983,0,No news
1501,158.28,153.251,163.308,10.0569,0.000132028,0.00568558,0,No news
1502,156.88,151.925,161.835,9.90984,0.000130952,-0.00901607,0,No news
1503,155.386,150.435,160.338,9.90304,0.000130542,-0.00969597,0,No news
1504,155.018,150.031,160.006,9.97504,0.000125945,-0.00249592,0,No news
1505,153.967,149.002,158.933,9.93066,0.000130141,-0.00693393,0,No news
1506,157.571,152.456,162.686,10.2301,0.000126056,0.0230082,0,No news
1507,155.423,150.492,160.354,9.86149,0.000128041,-0.013851,0,No news
1508,155.161,150.17,160.152,9.98182,0.000131325,-0.00181797,0,No news
1509,154.943,149.951,159.935,9.98458,0.000134604,-0.00154225,0,No news
1510,155.924,150.893,160.954,10.0618,0.00012823,0.00618023,0,No news
1511,153.671,148.744,158.597,9.85318,0.000129662,-0.0146823,0,No news
1512,154.022,149.012,159.033,10.0216,0.000121244,0.0021635,0,No news
1513,150.966,146.067,155.865,9.79839,0.0001197,-0.0201611,0,No news
1514,159.009,153.9,164.118,10.2188,2.72063e-05,0.021877,0.03,"Rumor: firm exploring strategic options"
1515,156.338,151.423,161.254,9.83022,4.04064e-05,-0.0169777,0,No news
1516,158.66,153.587,163.733,10.1461,0.000126861,0.0146129,0,No news
1517,159.019,154.158,163.88,9.72209,5.43812e-05,-0.0277911,0.03,"Rumor: firm exploring strategic options"
1518,158.8,153.808,163.793,9.98575,4.65959e-05,-0.00142469,0,No news
1519,159.359,154.342,164.376,10.0338,0.000133117,0.00337928,0,No news
1520,160.863,155.816,165.909,10.0926,0.000131282,0.00925953,0,No news
1521,159.454,154.499,164.41,9.91071,0.000134981,-0.00892944,0,No news
1522,160.135,155.115,165.156,10.0413,0.000135316,0.00412778,0,No news
1523,155.639,150.782,160.496,9.71395,0.00012565,-0.0286054,0,No news
1524,157.673,152.609,162.738,10.1286,0.000121818,0.0128631,0,No news
1525,156.28,151.325,161.235,9.91004,0.000121397,-0.008996,0,No news
1526,153.727,148.81,158.644,9.834,0.00012859,-0.0166002,0,No news
1527,154.752,149.719,159.785,10.0652,0.000124357,0.00652108,0,No news
1528,154.228,149.246,159.211,9.96481,0.00012849,-0.0035189,0,No news
1529,156.924,151.838,162.01,10.172,0.000126697,0.017203,0,No news
1530,156.607,151.618,161.596,9.97855,0.000120358,-0.00214498,0,No news
1531,157.257,152.237,162.277,10.0402,0.000122564,0.00401935,0,No news
1532,159.82,154.739,164.9,10.1604,0.000122272,0.0160424,0,No news
1533,158.475,153.518,163.433,9.91435,0.0001194,-0.00856532,0,No news
1534,159.912,154.868,164.957,10.0891,0.000118177,0.00890861,0,No news
1535,161.239,156.198,166.279,10.0815,0.000111853,0.00814724,0,No news
1536,168.125,162.917,173.334,10.4171,0.000115901,0.0417079,0,No news
1537,160.236,155.477,164.995,9.51821,0.000117421,-0.0481793,0,No news
1538,158.319,153.38,163.258,9.87841,0.00012168,-0.0121591,0,No news
1539,157.698,152.718,162.678,9.95946,0.000127284,-0.00405424,0,No news
1540,157.154,152.172,162.136,9.96418,0.000126476,-0.00358215,0,No news
1541,155.117,150.183,160.052,9.86833,0.000122289,-0.0131672,0,No news
1542,154.423,149.446,159.4,9.95394,0.000119985,-0.00460606,0,No news
1543,154.853,149.84,159.867,10.0266,0.000118033,0.0026642,0,No news
1544,145.147,140.22,150.074,9.85411,-0.000143362,-0.0145891,-0.05,"Global macro uncertainty rises"
1545,149.209,144.07,154.348,10.2773,-0.000130575,0.0277325,0,No news
1546,150.827,145.772,155.881,10.1091,-0.000129154,0.0109125,0,No news
1547,147.929,143.026,152.831,9.80478,0.000120178,-0.0195222,0,No news
1548,147.65,142.66,152.64,9.97994,0.00011939,-0.00200557,0,No news
1549,141.052,136.03,146.075,10.0442,-0.000132851,0.00442162,-0.05,"Global macro uncertainty rises"
1550,135.079,130.294,139.863,9.56874,-0.000147873,-0.0431261,0,No news
1551,135.206,130.201,140.212,10.0109,-0.000142864,0.00108613,0,No news
1552,134.71,129.729,139.691,9.96208,0.000112604,-0.00379155,0,No news
1553,132.698,127.774,137.623,9.84841,0.000116071,-0.0151594,0,No news
1554,134.639,129.567,139.711,10.144,0.000113966,0.0144011,0,No news
1555,133.481,128.525,138.437,9.91248,0.000116465,-0.00875203,0,No news
1556,134.156,129.132,139.181,10.0493,0.000118575,0.00492881,0,No news
1557,132.924,127.971,137.877,9.90648,0.000123212,-0.00935204,0,No news
1558,129.164,124.308,134.02,9.71182,0.000124165,-0.0288181,0,No news
1559,129.583,124.568,134.599,10.0311,0.00013017,0.00311041,0,No news
1560,128.858,123.887,133.83,9.9426,0.000130992,-0.00574036,0,No news
1561,129.547,124.521,134.573,10.052,0.000129632,0.00519769,0,No news
1562,126.663,121.776,131.549,9.77353,0.000133325,-0.0226474,0,No news
1563,126.551,121.556,131.546,9.98984,0.00013414,-0.00101623,0,No news
1564,127.549,122.51,132.587,10.0772,0.000134158,0.00771807,0,No news
1565,128.315,123.285,133.344,10.0586,0.00012776,0.00585919,0,No news
1566,124.26,119.422,129.099,9.67766,0.000128732,-0.032234,0,No news
1567,123.987,118.999,128.976,9.97674,0.000126416,-0.00232647,0,No news
1568,125.195,120.147,130.243,10.0956,0.000128515,0.00956248,0,No news
1569,124.042,119.089,128.995,9.90612,0.000137047,-0.00938818,0,No news
1570,123.844,118.852,128.835,9.98264,0.00013567,-0.0017361,0,No news
1571,122.971,118.007,127.935,9.92794,0.000136645,-0.00720562,0,No news
1572,120.824,115.913,125.736,9.82253,0.000135857,-0.0177474,0,No news
1573,118.682,113.772,123.592,9.81975,0.000136596,-0.0180251,0,No news
1574,118.471,113.48,123.461,9.98082,0.000132182,-0.00191802,0,No news
1575,118.031,113.05,123.012,9.96151,0.000133767,-0.00384885,0,No news
1576,119.662,114.594,124.73,10.1359,0.000129193,0.0135895,0,No news
1577,118.47,113.52,123.419,9.89857,0.000130877,-0.010143,0,No news
1578,119.007,113.985,124.029,10.0439,0.000132423,0.00439431,0,No news
1579,119.343,114.33,124.356,10.0269,0.000131862,0.0026875,0,No news
1580,120.549,115.499,125.598,10.0992,0.000132785,0.00992009,0,No news
1581,119.55,114.592,124.507,9.91543,0.000133403,-0.00845663,0,No news
1582,122.361,117.245,127.476,10.2311,0.000134299,0.0231073,0,No news
1583,123.155,118.124,128.187,10.0634,0.000134881,0.00633854,0,No news
1584,124.746,119.682,129.809,10.1269,0.000144843,0.0126863,0,No news
1585,127.379,122.276,132.483,10.2075,0.000140648,0.0207508,0,No news
1586,128.17,123.14,133.2,10.0605,0.000138044,0.0060517,0,No news
1587,127.888,122.899,132.876,9.97653,0.00013964,-0.00234671,0,No news
1588,128.158,123.149,133.168,10.0198,0.000138286,0.00197763,0,No news
1589,125.516,120.621,130.411,9.79029,0.000136473,-0.0209713,0,No news
1590,123.084,118.182,127.985,9.80293,0.000140015,-0.019707,0,No news
1591,121.606,116.667,126.545,9.87779,0.000140731,-0.0122214,0,No news
1592,121.569,116.571,126.566,9.99554,0.000139956,-0.000445644,0,No news
1593,121.846,116.835,126.857,10.0214,0.000141226,0.0021371,0,No news
1594,124.608,119.496,129.719,10.2227,0.000138813,0.0222738,0,No news
1595,123.202,118.26,128.145,9.88518,0.000138195,-0.0114822,0,No news
1596,123.626,118.609,128.642,10.033,0.000132874,0.0032993,0,No news
1597,123.343,118.355,128.331,9.97581,0.000132047,-0.00241894,0,No news
1598,121.91,116.969,126.851,9.88175,0.000135877,-0.0118245,0,No news
1599,120.927,115.968,125.886,9.91764,0.000141249,-0.00823594,0,No news
1600,119.995,115.034,124.955,9.9212,0.000139606,-0.00788028,0,No news
1601,119.586,114.604,124.569,9.96447,0.000144468,-0.00355259,0,No news
1602,118.933,113.962,123.905,9.9438,0.000144997,-0.00562042,0,No news
1603,118.138,112.921,123.354,10.433,-1.27518e-05,0.043301,-0.05,"Global macro uncertainty rises"
1604,119.847,114.775,124.919,10.144,-3.29663e-05,0.0143972,0,No news
1605,121.702,116.625,126.779,10.1539,-3.20137e-05,0.0153941,0,No news
1606,120.152,115.217,125.087,9.87029,0.000147848,-0.0129706,0,No news
1607,121.901,116.829,126.972,10.143,0.000145353,0.0143048,0,No news
1608,122.504,117.48,127.528,10.048,0.000143924,0.0047975,0,No news
1609,123.807,118.754,128.859,10.1043,0.00014238,0.0104308,0,No news
1610,121.171,116.279,126.063,9.78343,0.000139474,-0.0216566,0,No news
1611,120.102,115.147,125.057,9.90998,0.000140437,-0.00900167,0,No news
1612,121.157,116.114,126.2,10.0861,0.000141121,0.00860627,0,No news
1613,120.377,115.41,125.344,9.93397,0.000140466,-0.00660294,0,No news
1614,119.734,114.762,124.707,9.94514,0.000134904,-0.00548598,0,No news
1615,118.596,113.644,123.547,9.90316,0.000129099,-0.00968418,0,No news
1616,115.583,110.712,120.453,9.7414,0.00012432,-0.0258602,0,No news
1617,112.589,107.721,117.458,9.73638,0.000124136,-0.0263617,0,No news
1618,111.289,106.348,116.23,9.88258,0.000124275,-0.0117423,0,No news
1619,112.052,107.018,117.085,10.067,0.000126519,0.00670356,0,No news
1620,111.508,106.533,116.483,9.95005,0.000131122,-0.00499534,0,No news
1621,112.453,107.411,117.494,10.0831,0.000129724,0.00830573,0,No news
1622,112.601,107.595,117.607,10.0119,0.000128804,0.0011944,0,No news
1623,112.825,107.816,117.834,10.0185,0.000131834,0.00185136,0,No news
1624,111.686,106.737,116.635,9.89722,0.000131673,-0.0102777,0,No news
1625,112.563,107.524,117.601,10.0769,0.000128763,0.00769111,0,No news
1626,112.475,107.479,117.47,9.99086,0.000129613,-0.000913964,0,No news
1627,111.795,106.826,116.764,9.9381,0.000126885,-0.00618998,0,No news
1628,109.678,104.774,114.582,9.80757,0.000130225,-0.0192435,0,No news
1629,110.088,105.07,115.106,10.0359,0.000134141,0.00359499,0,No news
1630,110.103,105.103,115.103,10,0.000131204,2.29118e-06,0,No news
1631,109.019,104.069,113.969,9.89976,0.000133645,-0.0100242,0,No news
1632,108.198,103.237,113.16,9.92313,0.00012896,-0.00768676,0,No news
1633,106.195,101.289,111.101,9.81188,0.000126929,-0.0188119,0,No news
1634,106.011,101.02,111.002,9.98135,0.000128856,-0.00186471,0,No news
1635,105.548,100.57,110.525,9.9549,0.000131073,-0.00450993,0,No news
1636,104.712,99.7527,109.672,9.91918,0.000133143,-0.00808154,0,No news
1637,102.799,97.8922,107.706,9.81431,0.00013136,-0.0185692,0,No news
1638,98.3364,93.3079,103.365,10.0571,-9.8333e-05,0.00571423,-0.05,"Global macro uncertainty rises"
1639,100.129,95.0379,105.22,10.1819,-0.000127537,0.018191,0,No news
1640,95.5838,90.8155,100.352,9.53662,-0.000116744,-0.0463382,0,No news
1641,94.051,89.1324,98.9696,9.83714,0.000120315,-0.0162862,0,No news
1642,94.6455,89.6146,99.6764,10.0618,0.000118847,0.0061825,0,No news
1643,95.5063,90.4616,100.551,10.0894,0.00011075,0.00894275,0,No news
1644,96.1635,91.1298,101.197,10.0674,0.000113855,0.00674351,0,No news
1645,95.0684,90.1262,100.011,9.88433,0.000113381,-0.0115665,0,No news
1646,93.651,88.7267,98.5753,9.8486,0.000117841,-0.0151395,0,No news
1647,92.651,87.7053,97.5968,9.89148,0.000116805,-0.0108515,0,No news
1648,91.507,86.5697,96.4443,9.87459,0.000116784,-0.0125413,0,No news
1649,91.894,86.8734,96.9145,10.041,0.000115578,0.00410417,0,No news
1650,91.4595,86.4838,96.4352,9.95143,0.000118231,-0.00485706,0,No news
1651,89.7765,84.87,94.683,9.81306,0.000120715,-0.0186938,0,No news
1652,91.404,86.3147,96.4932,10.1784,0.000123146,0.0178424,0,No news
1653,90.1043,85.1765,95.032,9.85551,0.000127909,-0.0144491,0,No news
1654,90.2294,85.2231,95.2358,10.0127,0.000121272,0.00126691,0,No news
1655,90.7563,85.7278,95.7848,10.057,0.00012109,0.00570097,0,No news
1656,92.7551,87.6468,97.8633,10.2166,0.000126731,0.0216577,0,No news
1657,91.9978,87.0395,96.9562,9.91671,0.000131963,-0.00832926,0,No news
1658,92.5712,87.6903,97.4522,9.76182,3.13114e-05,-0.0238177,0.03,"Rumor: firm exploring strategic options"
1659,89.1437,84.3325,93.9549,9.62243,2.86511e-05,-0.0377575,0,No news
1660,90.8864,85.7902,95.9826,10.1924,0.000123784,0.0192366,0,No news
1661,90.3364,85.3673,95.3054,9.93804,0.000126335,-0.00619626,0,No news
1662,90.1349,85.1467,95.1231,9.9764,0.000127159,-0.00236003,0,No news
1663,89.3292,84.3747,94.2836,9.90888,0.000132456,-0.00911181,0,No news
1664,90.2341,85.1844,95.2839,10.0994,0.000138755,0.00994128,0,No news
1665,91.9969,86.9008,97.0929,10.1921,0.00013614,0.0192107,0,No news
1666,91.9405,86.9442,96.9368,9.99251,0.000135481,-0.000748651,0,No news
1667,92.244,87.2282,97.2598,10.0316,0.000132704,0.00316319,0,No news
1668,92.5915,87.5734,97.6097,10.0363,0.000133561,0.00362664,0,No news
1669,94.2436,89.1558,99.3313,10.1755,0.000138191,0.0175465,0,No news
1670,94.7061,89.6823,99.7298,10.0476,0.000140034,0.00475565,0,No news
1671,95.0764,90.0576,100.095,10.0377,0.000135789,0.00376695,0,No news
1672,94.8941,89.9044,99.8838,9.97938,0.000142488,-0.00206201,0,No news
1673,93.7931,88.8522,98.7341,9.8819,0.000140259,-0.0118099,0,No news
1674,93.1697,88.2037,98.1356,9.93188,0.000142511,-0.00681184,0,No news
1675,93.3366,88.3284,98.3449,10.0165,0.000139117,0.00165111,0,No news
1676,91.9953,87.0683,96.9222,9.85388,0.000136881,-0.0146122,0,No news
1677,91.021,86.075,95.9671,9.89215,0.000138377,-0.0107851,0,No news
1678,91.263,86.2505,96.2756,10.0251,0.000144711,0.00251063,0,No news
1679,91.0807,86.0915,96.07,9.97856,0.000144786,-0.00214422,0,No news
1680,90.671,85.6943,95.6478,9.95347,0.000144587,-0.00465314,0,No news
1681,91.3398,86.3038,96.3758,10.072,0.00014751,0.00720156,0,No news
1682,90.1915,85.2555,95.1276,9.87203,0.000145732,-0.012797,0,No news
1683,91.0072,85.9629,96.0515,10.0886,0.000141115,0.00886227,0,No news
1684,89.7029,84.7758,94.63,9.85423,0.000141429,-0.0145774,0,No news
1685,87.0559,82.2064,91.9055,9.6991,0.00013821,-0.0300903,0,No news
1686,88.0815,83.0236,93.1393,10.1157,0.000137782,0.0115732,0,No news
1687,86.9057,81.9736,91.8379,9.86426,0.00013655,-0.0135744,0,No news
1688,88.4949,83.405,93.5848,10.1798,0.000138461,0.0179822,0,No news
1689,89.1287,84.0937,94.1636,10.0699,0.000142176,0.00699406,0,No news
1690,90.3466,85.2794,95.4138,10.1343,0.000137846,0.0134347,0,No news
1691,90.9498,85.9173,95.9824,10.0651,0.000142107,0.0065122,0,No news
1692,93.2192,88.0966,98.3417,10.2451,0.000138227,0.0245075,0,No news
1693,94.8163,89.7321,99.9006,10.1685,0.000142771,0.0168454,0,No news
1694,95.1854,90.1666,100.204,10.0375,0.000136114,0.00374852,0,No news
1695,93.563,88.6497,98.4764,9.82673,0.000136136,-0.017327,0,No news
1696,93.4051,88.4143,98.396,9.98172,0.000139179,-0.00182838,0,No news
1697,93.7991,88.7788,98.8195,10.0407,0.000140518,0.00406896,0,No news
1698,93.1048,88.1426,98.0669,9.92428,0.000142093,-0.00757223,0,No news
1699,93.3387,88.3269,98.3505,10.0237,0.000141372,0.00236794,0,No news
1700,93.3031,88.3058,98.3005,9.99477,0.000142358,-0.000523477,0,No news
1701,92.8417,87.8673,97.8162,9.94896,0.000146179,-0.00510365,0,No news
1702,92.2974,87.3275,97.2673,9.93976,0.000144017,-0.00602427,0,No news
1703,92.9949,87.9579,98.0318,10.0739,0.000138401,0.00738969,0,No news
1704,92.7953,87.8068,97.7839,9.97713,0.000138693,-0.00228651,0,No news
1705,92.0757,87.1153,97.0361,9.92073,0.000141465,-0.00792668,0,No news
1706,90.848,85.9158,95.7802,9.86435,0.000141883,-0.0135654,0,No news
1707,92.067,87.0011,97.1329,10.1319,0.000141405,0.0131876,0,No news
1708,90.9017,85.9661,95.8373,9.87122,0.000139824,-0.0128778,0,No news
1709,92.1218,87.0559,97.1878,10.1319,0.000141922,0.0131914,0,No news
1710,91.8022,86.8203,96.7841,9.96387,0.000137693,-0.00361335,0,No news
1711,90.893,85.9434,95.8425,9.8991,0.000136696,-0.0100903,0,No news
1712,89.9376,84.9911,94.8841,9.89299,0.00013473,-0.0107014,0,No news
1713,90.1698,85.1576,95.182,10.0244,0.000138219,0.00244028,0,No news
1714,90.2765,85.2712,95.2817,10.0105,0.000133241,0.00104915,0,No news
1715,90.6649,85.6441,95.6858,10.0417,0.000123333,0.00417031,0,No news
1716,90.6724,85.6726,95.6722,9.99963,0.000119323,-3.69891e-05,0,No news
1717,91.735,86.6773,96.7926,10.1153,0.000120133,0.0115307,0,No news
1718,93.036,87.9662,98.1059,10.1397,0.000117737,0.0139655,0,No news
1719,92.6115,87.635,97.5881,9.95314,0.000112436,-0.0046856,0,No news
1720,93.6956,88.6379,98.7532,10.1153,0.000109592,0.0115275,0,No news
1721,95.4883,90.3941,100.583,10.1884,0.000113985,0.0188391,0,No news
1722,95.8403,90.8225,100.858,10.0357,0.000112188,0.00356689,0,No news
1723,95.7722,90.7763,100.768,9.99167,0.000121523,-0.000832714,0,No news
1724,95.1505,90.1837,100.117,9.93368,0.000119739,-0.00663159,0,No news
1725,96.8125,91.7265,101.898,10.172,0.000111874,0.0172039,0,No news
1726,96.3861,91.4088,101.364,9.95476,0.000110386,-0.00452378,0,No news
1727,97.3752,92.3247,102.426,10.101,0.000111167,0.0100977,0,No news
1728,96.3698,91.4223,101.317,9.89505,0.000116775,-0.010495,0,No news
1729,95.0547,90.124,99.9854,9.86143,0.000116047,-0.0138566,0,No news
1730,92.0275,87.1899,96.8652,9.67523,0.000112264,-0.0324769,0,No news
1731,91.9088,86.9157,96.9018,9.98601,0.000107649,-0.00139931,0,No news
1732,92.3907,87.3651,97.4163,10.0513,0.000102665,0.00512726,0,No news
1733,91.449,86.5007,96.3972,9.89649,0.000105388,-0.0103505,0,No news
1734,91.1477,86.1647,96.1307,9.966,0.000100144,-0.00339959,0,No news
1735,89.8739,84.9447,94.803,9.85832,9.33218e-05,-0.0141679,0,No news
1736,89.8377,84.8401,94.8352,9.99505,9.26956e-05,-0.000495419,0,No news
1737,89.4926,84.5124,94.4729,9.96052,0.000100137,-0.00394801,0,No news
1738,87.1313,82.2655,91.997,9.73155,0.000104558,-0.0268451,0,No news
1739,87.4864,82.4666,92.5062,10.0396,0.000103226,0.00396449,0,No news
1740,86.6929,81.7389,91.6468,9.90791,9.67681e-05,-0.00920856,0,No news
1741,87.4971,82.4514,92.5429,10.0915,8.81069e-05,0.00914633,0,No news
1742,89.0678,83.9793,94.1563,10.177,9.5946e-05,0.0176958,0,No news
1743,88.7014,83.7225,93.6803,9.95776,0.000101556,-0.00422415,0,No news
1744,89.7511,84.6928,94.8093,10.1166,0.000107754,0.0116566,0,No news
1745,88.6469,83.7094,93.5845,9.87513,0.000108317,-0.0124866,0,No news
1746,89.1446,84.1172,94.1721,10.0549,0.000109494,0.00548901,0,No news
1747,91.3808,86.2574,96.5041,10.2467,0.000108283,0.0246668,0,No news
1748,90.7912,85.8241,95.7583,9.9342,0.000107092,-0.00657973,0,No news
1749,90.8566,85.8536,95.8597,10.0061,0.000110039,0.000610433,0,No news
1750,89.5737,84.6454,94.502,9.85667,0.000111641,-0.0143328,0,No news
1751,90.4484,85.4005,95.4964,10.096,0.000122539,0.00959582,0,No news
1752,88.6353,83.7372,93.5334,9.79621,0.00012862,-0.020379,0,No news
1753,83.3284,78.3865,88.2703,9.88377,-0.000117485,-0.0116225,-0.05,"Global macro uncertainty rises"
1754,80.323,75.5061,85.1398,9.63371,-0.000105375,-0.0366286,0,No news
1755,84.527,79.2714,89.7827,10.5112,-0.000107348,0.051123,0,No news
1756,84.9891,79.9625,90.0157,10.0532,0.000128387,0.00532317,0,No news
1757,84.4612,79.493,89.4294,9.93644,0.000124741,-0.00635552,0,No news
1758,84.6608,79.6496,89.672,10.0223,0.000129505,0.00223091,0,No news
1759,82.6144,77.7374,87.4914,9.75408,0.000122927,-0.0245916,0,No news
1760,81.8279,76.8763,86.7795,9.90315,0.000119645,-0.0096852,0,No news
1761,81.7932,76.7959,86.7904,9.99452,0.000123181,-0.000547912,0,No news
1762,82.5882,77.5404,87.6359,10.0955,0.000126906,0.00954577,0,No news
1763,84.3629,79.2573,89.4686,10.2113,0.000131951,0.0211298,0,No news
1764,83.9409,78.9666,88.9152,9.9486,0.000125046,-0.00514002,0,No news
1765,85.3012,80.2215,90.3809,10.1594,0.000130655,0.0159445,0,No news
1766,85.1081,80.1201,90.096,9.97593,0.00014009,-0.00240671,0,No news
1767,83.709,78.7926,88.6253,9.83279,0.000145356,-0.0167211,0,No news
1768,83.3698,78.3908,88.3487,9.95792,0.000147604,-0.00420789,0,No news
1769,84.9182,79.8269,90.0095,10.1826,0.000146048,0.0182568,0,No news
1770,83.8878,78.9496,88.8261,9.87645,0.000147559,-0.0123554,0,No news
1771,84.5348,79.4971,89.5724,10.0753,0.000150012,0.0075323,0,No news
1772,84.5674,79.5662,89.5686,10.0024,0.000147433,0.00023843,0,No news
1773,87.3182,82.1588,92.4775,10.3187,0.000143289,0.0318666,0,No news
1774,87.627,82.61,92.644,10.034,0.000134895,0.00339539,0,No news
1775,87.3588,82.3748,92.3428,9.96794,0.000141295,-0.00320647,0,No news
1776,87.8576,82.8299,92.8854,10.0555,0.000142552,0.00555145,0,No news
1777,86.2506,81.3436,91.1576,9.81397,0.000142083,-0.0186028,0,No news
1778,86.3494,81.3444,91.3544,10.01,0.00014444,0.00100077,0,No news
1779,86.3704,81.3699,91.3709,10.001,0.000141836,0.000101294,0,No news
1780,86.3845,81.3844,91.3846,10.0002,0.000143707,1.93583e-05,0,No news
1781,86.4568,81.4534,91.4603,10.0069,0.000146382,0.000690223,0,No news
1782,88.285,83.1811,93.3889,10.2078,0.00014074,0.0207844,0,No news
1783,88.4635,83.4541,93.4729,10.0188,0.000142663,0.00187746,0,No news
1784,89.1065,84.071,94.142,10.071,0.000138355,0.00710372,0,No news
1785,89.5608,84.5361,94.5856,10.0495,0.000140243,0.00494542,0,No news
1786,89.7054,84.698,94.7127,10.0147,0.000144119,0.00146861,0,No news
1787,89.4422,84.4576,94.4267,9.96916,0.000145721,-0.0030844,0,No news
1788,90.2293,85.1862,95.2723,10.0862,0.000146354,0.00861517,0,No news
1789,89.8939,84.9133,94.8745,9.96123,0.00015289,-0.0038768,0,No news
1790,90.6538,85.6125,95.6951,10.0826,0.000156035,0.00826158,0,No news
1791,92.024,86.9498,97.0983,10.1485,0.000155291,0.0148472,0,No news
1792,90.9286,85.9893,95.868,9.87871,0.000153972,-0.0121289,0,No news
1793,91.8384,86.7895,96.8874,10.0979,0.000162102,0.00979392,0,No news
1794,91.6631,86.6735,96.6527,9.97921,0.000168686,-0.00207943,0,No news
1795,92.2477,87.2167,97.2786,10.0619,0.000169511,0.00618738,0,No news
1796,91.3985,86.4456,96.3515,9.90586,0.000166756,-0.00941431,0,No news
1797,90.9583,85.9833,95.9333,9.95005,0.000167186,-0.00499546,0,No news
1798,90.938,85.94,95.936,9.99607,0.000169476,-0.000392828,0,No news
1799,90.5028,85.5277,95.478,9.95032,0.000170818,-0.00496768,0,No news
1800,91.2913,86.2488,96.3338,10.085,0.000172343,0.00850219,0,No news
1801,90.5987,85.6376,95.5598,9.92213,0.000171137,-0.00778671,0,No news
1802,89.6219,84.677,94.5668,9.88988,0.000171513,-0.0110119,0,No news
1803,89.1322,84.1605,94.104,9.9435,0.000171195,-0.00564969,0,No news
1804,89.3221,84.3123,94.3319,10.0196,0.000169112,0.00195834,0,No news
1805,89.3598,84.3585,94.3611,10.0025,0.000170202,0.000252196,0,No news
1806,89.4717,84.4663,94.4771,10.0108,0.000168028,0.00108315,0,No news
1807,89.42,84.4237,94.4163,9.99259,0.000162935,-0.00074098,0,No news
1808,89.8982,84.8723,94.924,10.0517,0.000161242,0.00517202,0,No news
1809,90.524,85.4901,95.5579,10.0677,0.000164106,0.0067735,0,No news
1810,90.2046,85.2231,95.1861,9.96301,0.000164775,-0.00369913,0,No news
1811,90.2112,85.2116,95.2107,9.99906,0.000166952,-9.43911e-05,0,No news
1812,89.7223,84.7503,94.6943,9.94398,0.00016806,-0.00560198,0,No news
1813,88.0819,83.175,92.9888,9.81378,0.000168924,-0.0186216,0,No news
1814,86.8649,81.9353,91.7945,9.8592,0.000166998,-0.0140795,0,No news
1815,85.7254,80.7923,90.6586,9.86632,0.000164042,-0.0133684,0,No news
1816,86.1295,81.1068,91.1522,10.0454,0.000161919,0.00454027,0,No news
1817,84.2016,79.3156,89.0877,9.77206,0.00015655,-0.0227942,0,No news
1818,86.339,81.3643,91.3138,9.94955,0.000112239,-0.00504462,0.03,"Rumor: firm exploring strategic options"
1819,87.8542,82.7678,92.9406,10.1728,0.00011529,0.0172812,0,No news
1820,87.3943,82.4214,92.3673,9.94596,0.000156313,-0.00540412,0,No news
1821,87.577,82.5673,92.5867,10.0194,0.000150144,0.00193795,0,No news
1822,87.7223,82.7148,92.7298,10.0151,0.00015038,0.00150731,0,No news
1823,87.3661,82.3872,92.3449,9.95773,0.000157577,-0.00422699,0,No news
1824,86.9464,81.9713,91.9216,9.9503,0.000155054,-0.00496959,0,No news
1825,87.11,82.1014,92.1186,10.0173,0.000153034,0.00172645,0,No news
1826,88.6069,83.5225,93.6913,10.1688,0.000154398,0.0168832,0,No news
1827,90.3562,85.2592,95.4531,10.194,0.000152092,0.0193977,0,No news
1828,85.9238,81.0256,90.822,9.79637,6.42899e-05,-0.0203629,-0.03,"Rumor: firm exploring strategic options"
1829,85.5066,80.5312,90.4819,9.95075,5.72803e-05,-0.00492475,0,No news
1830,86.1205,81.0855,91.1555,10.07,0.000154122,0.00700008,0,No news
1831,85.4204,80.462,90.3788,9.91683,0.000154679,-0.00831715,0,No news
1832,83.8691,78.9615,88.7767,9.8152,0.0001531,-0.0184803,0,No news
1833,83.2633,78.3003,88.2263,9.926,0.000150035,-0.00739994,0,No news
1834,80.4395,75.4623,85.4168,9.95445,5.26281e-05,-0.00455459,-0.03,"Rumor: firm exploring strategic options"
1835,80.9397,75.9091,85.9703,10.0613,6.94053e-05,0.00612938,0,No news
1836,81.0352,76.0301,86.0403,10.0102,0.00015837,0.00102102,0,No news
1837,76.0162,71.086,80.9464,9.86042,1.98335e-05,-0.0139577,-0.05,"Global macro uncertainty rises"
1838,76.9352,71.8753,81.9952,10.12,2.08593e-05,0.0119972,0,No news
1839,78.1926,73.1116,83.2736,10.162,7.84741e-06,0.0162026,0,No news
1840,78.5288,73.5082,83.5495,10.0413,0.000160388,0.0041305,0,No news
1841,78.1759,73.1992,83.1526,9.95334,0.000161555,-0.00466582,0,No news
1842,78.8473,73.8054,83.8893,10.0839,0.000163897,0.00838809,0,No news
1843,79.1917,74.1707,84.2127,10.042,0.000156639,0.00420131,0,No news
1844,80.3602,75.2877,85.4326,10.145,0.000152224,0.0144952,0,No news
1845,80.4139,75.4113,85.4165,10.0051,0.000154566,0.000514006,0,No news
1846,80.4167,75.4173,85.416,9.99875,0.000159103,-0.000124987,0,No news
1847,79.0096,74.0986,83.9206,9.8219,0.000157823,-0.0178097,0,No news
1848,80.3144,75.2332,85.3955,10.1622,0.000157922,0.016221,0,No news
1849,79.6987,74.7379,84.6594,9.92149,0.000155527,-0.00785092,0,No news
1850,79.2043,74.2362,84.1724,9.9362,0.000157257,-0.00637974,0,No news
1851,79.3133,74.3073,84.3194,10.0122,0.000159616,0.00121627,0,No news
1852,79.8707,74.8364,84.9049,10.0684,0.000158991,0.00684332,0,No news
1853,79.9648,74.9597,84.9698,10.0101,0.000164087,0.0010133,0,No news
1854,80.6477,75.606,85.6894,10.0834,0.000165452,0.00833884,0,No news
1855,76.7115,71.7119,81.7111,9.99921,4.05018e-05,-7.86837e-05,-0.05,"Global macro uncertainty rises"
1856,76.2447,71.2755,81.2139,9.93838,5.76625e-05,-0.00616192,0,No news
1857,75.1289,70.2029,80.0548,9.85195,6.25013e-05,-0.0148055,0,No news
1858,74.4435,69.4902,79.3968,9.90664,0.000172286,-0.00933636,0,No news
1859,74.6221,69.611,79.6332,10.0223,0.000169944,0.00222613,0,No news
1860,74.0555,69.0944,79.0165,9.92205,0.000172316,-0.00779501,0,No news
1861,74.5547,69.522,79.5875,10.0655,0.000172628,0.00654676,0,No news
1862,75.221,70.1773,80.2646,10.0872,0.000173653,0.00872263,0,No news
1863,75.2795,70.2765,80.2825,10.006,0.000176057,0.000601456,0,No news
1864,75.8414,70.8051,80.8778,10.0726,0.000173449,0.00726408,0,No news
1865,75.8489,70.8493,80.8486,9.99932,0.000166665,-6.79678e-05,0,No news
1866,76.8081,71.7461,81.8701,10.124,0.000168227,0.0123988,0,No news
1867,75.6351,70.7129,80.5573,9.8444,0.000170119,-0.0155601,0,No news
1868,75.7457,70.7392,80.7521,10.0129,0.000168118,0.00129247,0,No news
1869,75.4097,70.4328,80.3867,9.95387,0.000168017,-0.00461293,0,No news
1870,75.4108,70.4116,80.4101,9.99847,0.00016776,-0.000153002,0,No news
1871,75.5916,70.5805,80.6028,10.0223,0.000166846,0.00222772,0,No news
1872,75.4059,70.419,80.3927,9.97372,0.000167744,-0.00262821,0,No news
1873,76.8219,71.7297,81.914,10.1844,0.000167219,0.0184367,0,No news
1874,76.9339,71.9275,81.9404,10.0129,0.000167202,0.00129086,0,No news
1875,77.7181,72.6682,82.7679,10.0997,0.000170267,0.00997028,0,No news
1876,78.1622,73.1345,83.1898,10.0553,0.000170214,0.00552805,0,No news
1877,77.5328,72.574,82.4915,9.91745,0.000169357,-0.00825474,0,No news
1878,77.449,72.4553,82.4428,9.98747,0.000171947,-0.00125259,0,No news
1879,77.9029,72.8746,82.9313,10.0567,0.000173534,0.00567011,0,No news
1880,77.6869,72.7017,82.6722,9.97047,0.000176835,-0.00295322,0,No news
1881,76.9755,72.0224,81.9286,9.90622,0.000177224,-0.0093777,0,No news
1882,76.4402,71.4759,81.4044,9.92846,0.000175456,-0.00715387,0,No news
1883,76.3379,71.3455,81.3303,9.98483,0.0001781,-0.00151657,0,No news
1884,76.406,71.4024,81.4096,10.0072,0.000176423,0.00071511,0,No news
1885,76.0752,71.0978,81.0526,9.95484,0.00017698,-0.00451623,0,No news
1886,75.6061,70.6379,80.5743,9.93641,0.00017319,-0.00635889,0,No news
1887,74.9961,70.0375,79.9548,9.9173,0.000169675,-0.00826978,0,No news
1888,75.7071,70.6608,80.7535,10.0927,0.000170303,0.00926594,0,No news
1889,74.9902,70.0386,79.9418,9.90314,0.000171381,-0.00968636,0,No news
1890,73.9544,69.0248,78.884,9.85925,0.000166503,-0.0140753,0,No news
1891,75.0271,69.9559,80.0983,10.1424,0.000164089,0.0142363,0,No news
1892,74.3457,69.3921,79.2993,9.90715,0.000161669,-0.00928515,0,No news
1893,75.2504,70.1907,80.3101,10.1193,0.000160433,0.0119349,0,No news
1894,76.4008,71.3257,81.4759,10.1501,0.000160853,0.0150114,0,No news
1895,76.9142,71.8815,81.9469,10.0653,0.00016426,0.00653291,0,No news
1896,76.9627,71.9603,81.965,10.0046,0.000165349,0.000464662,0,No news
1897,77.7432,72.6936,82.7928,10.0992,0.000167715,0.009923,0,No news
1898,78.2296,73.1993,83.26,10.0607,0.000170867,0.00606648,0,No news
1899,79.8923,74.9379,84.8468,9.90894,0.000137082,-0.00910578,0.03,"Rumor: firm exploring strategic options"
1900,79.6485,74.6645,84.6325,9.96797,0.000146195,-0.00320252,0,No news
1901,79.4743,74.4861,84.4625,9.9764,0.0001696,-0.00235992,0,No news
1902,80.3143,75.2625,85.366,10.1035,0.000169019,0.0103451,0,No news
1903,80.6646,75.6437,85.6855,10.0418,0.000170039,0.00418244,0,No news
1904,80.798,75.7906,85.8054,10.0148,0.000169719,0.00148295,0,No news
1905,81.6071,76.5581,86.656,10.098,0.000168151,0.00979522,0,No news
1906,81.6318,76.6312,86.6325,10.0014,0.000167604,0.000136012,0,No news
1907,81.7504,76.744,86.7568,10.0128,0.000168257,0.00128323,0,No news
1908,81.5154,76.5306,86.5002,9.96952,0.000169449,-0.00304838,0,No news
1909,81.241,76.2588,86.2233,9.96457,0.000171523,-0.0035429,0,No news
1910,81.7505,76.7201,86.7809,10.0608,0.000169837,0.00608139,0,No news
1911,81.1304,76.1693,86.0914,9.92214,0.000171718,-0.00778611,0,No news
1912,80.5154,75.5543,85.4765,9.92219,0.000171626,-0.00778101,0,No news
1913,80.5229,75.5232,85.5225,9.99927,0.000166103,-7.27609e-05,0,No news
1914,80.8512,75.8317,85.8707,10.039,0.000164764,0.00390418,0,No news
1915,81.4684,76.4312,86.5056,10.0744,0.000163387,0.00744172,0,No news
1916,75.947,71.1484,80.7457,9.59733,8.83576e-05,-0.0402675,-0.03,"Rumor: firm exploring strategic options"
1917,75.7491,70.7626,80.7356,9.97306,8.45545e-05,-0.00269426,0,No news
1918,75.9154,70.9052,80.9255,10.0203,0.000162023,0.00203063,0,No news
1919,76.1448,71.1305,81.1591,10.0286,0.000160194,0.00285698,0,No news
1920,75.6934,70.7239,80.6629,9.93896,0.000158949,-0.0061045,0,No news
1921,75.7703,70.766,80.7746,10.0086,0.000157036,0.000858237,0,No news
1922,75.537,70.5532,80.5208,9.96759,0.000157452,-0.00324075,0,No news
1923,76.3905,71.3351,81.4459,10.1108,0.000158222,0.0110774,0,No news
1924,76.3187,71.3242,81.3132,9.98898,0.000162207,-0.00110226,0,No news
1925,75.77,70.8068,80.7331,9.92621,0.000162212,-0.00737877,0,No news
1926,75.7029,70.7082,80.6977,9.98948,0.00016691,-0.00105176,0,No news
1927,76.0713,71.0479,81.0947,10.0469,0.000168685,0.00468559,0,No news
1928,75.1622,70.2231,80.1012,9.87808,0.0001686,-0.0121919,0,No news
1929,74.4251,69.4753,79.375,9.89973,0.000172648,-0.010027,0,No news
1930,73.9844,69.0149,78.9538,9.93889,0.000171708,-0.00611111,0,No news
1931,73.6784,68.7,78.6568,9.9568,0.000174798,-0.00431958,0,No news
1932,72.8779,67.9334,77.8224,9.88902,0.000173566,-0.0110975,0,No news
1933,73.2834,68.2565,78.3103,10.0537,0.000175004,0.00537363,0,No news
1934,73.3837,68.3778,78.3897,10.0119,0.000178915,0.00118937,0,No news
1935,74.1708,69.1184,79.2232,10.1049,0.000179436,0.0104887,0,No news
1936,73.9211,68.9388,78.9033,9.96449,0.000178007,-0.0035507,0,No news
1937,69.8263,64.8616,74.7909,9.92928,8.38001e-05,-0.0070715,-0.05,"Global macro uncertainty rises"
1938,68.6684,63.7524,73.5844,9.83201,7.74057e-05,-0.0167989,0,No news
1939,67.6615,62.7357,72.5872,9.85155,7.32796e-05,-0.014845,0,No news
1940,68.2672,63.2235,73.3109,10.0874,0.000171861,0.00874127,0,No news
1941,67.7548,62.7934,72.7163,9.92296,0.000169829,-0.0077039,0,No news
1942,67.5767,62.5907,72.5627,9.97195,0.000172498,-0.0028053,0,No news
1943,68.0472,63.0133,73.081,10.0677,0.000170895,0.00676699,0,No news
1944,67.8513,62.8665,72.8361,9.96953,0.000164533,-0.00304684,0,No news
1945,67.7122,62.7233,72.7012,9.97786,0.000162394,-0.00221431,0,No news
1946,67.9749,62.9563,72.9934,10.0371,0.00015899,0.00371205,0,No news
1947,67.4741,62.3615,72.5868,10.2253,8.05102e-05,0.022526,-0.03,"Rumor: firm exploring strategic options"
1948,68.4974,63.4225,73.5722,10.1497,8.56517e-05,0.0149651,0,No news
1949,68.3106,63.3251,73.2962,9.9711,0.000159979,-0.00289008,0,No news
1950,67.5558,62.6121,72.4995,9.88734,0.000154929,-0.0112659,0,No news
1951,67.5934,62.5914,72.5953,10.004,0.000160518,0.000395387,0,No news
1952,67.0482,62.0895,72.0069,9.9174,0.000162022,-0.00826049,0,No news
1953,67.2648,62.2495,72.2801,10.0306,0.000164811,0.00306033,0,No news
1954,66.3137,61.3857,71.2417,9.85597,0.000163204,-0.0144028,0,No news
1955,66.9952,61.9449,72.0455,10.1006,0.00016534,0.0100582,0,No news
1956,67.2505,62.2323,72.2686,10.0363,0.000168733,0.00363463,0,No news
1957,68.245,63.1724,73.3175,10.1451,0.000165563,0.0145142,0,No news
1958,69.0915,64.0307,74.1523,10.1216,0.000170797,0.0121568,0,No news
1959,68.6404,63.674,73.6068,9.93277,0.000173061,-0.00672311,0,No news
1960,68.4605,63.4745,73.4465,9.97203,0.000173017,-0.00279708,0,No news
1961,68.1637,63.1863,73.141,9.95477,0.000177158,-0.00452274,0,No news
1962,67.7671,62.7971,72.737,9.93987,0.000177554,-0.00601261,0,No news
1963,68.2944,63.2566,73.3323,10.0757,0.000177119,0.00757457,0,No news
1964,67.5522,62.6077,72.4967,9.88896,0.000176385,-0.0111038,0,No news
1965,67.2523,62.2754,72.2291,9.95372,0.000178226,-0.00462818,0,No news
1966,67.0416,62.0582,72.025,9.96683,0.000180269,-0.00331723,0,No news
1967,67.488,62.4557,72.5202,10.0646,0.000180149,0.00645531,0,No news
1968,67.8253,62.8012,72.8493,10.048,0.000181244,0.00480416,0,No news
1969,67.6162,62.6325,72.5998,9.96731,0.000181294,-0.00326852,0,No news
1970,67.8935,62.8739,72.913,10.0391,0.000181571,0.00391065,0,No news
1971,68.2089,63.1866,73.2312,10.0446,0.000178132,0.00445703,0,No news
1972,67.5794,62.6266,72.5321,9.9055,0.000177646,-0.00944988,0,No news
1973,67.6787,62.6723,72.6852,10.0129,0.000178397,0.00129086,0,No news
1974,67.7872,62.7801,72.7943,10.0142,0.000177662,0.00142353,0,No news
1975,68.6431,63.5812,73.705,10.1237,0.000175909,0.0123718,0,No news
1976,69.2472,64.2043,74.2902,10.0859,0.000174109,0.0085883,0,No news
1977,68.802,63.8352,73.7689,9.93375,0.000175443,-0.00662518,0,No news
1978,68.4939,63.5173,73.4706,9.95335,0.000176516,-0.00466469,0,No news
1979,68.5534,63.5499,73.5568,10.0069,0.000175741,0.00069164,0,No news
1980,68.5668,63.5667,73.567,10.0002,0.000173993,2.24335e-05,0,No news
1981,69.0068,63.9757,74.0379,10.0622,0.000175422,0.00622101,0,No news
1982,69.6011,64.5591,74.643,10.084,0.000175729,0.00839848,0,No news
1983,70.0628,65.0306,75.0951,10.0644,0.000170645,0.00644236,0,No news
1984,70.0792,65.0788,75.0795,10.0007,0.000166532,6.61897e-05,0,No news
1985,69.2157,64.2785,74.1529,9.87436,0.000166306,-0.0125635,0,No news
1986,70.4272,65.3412,75.5131,10.1718,0.000167648,0.0171832,0,No news
1987,70.5856,65.5752,75.596,10.0207,0.000173212,0.00207379,0,No news
1988,69.7961,64.8532,74.7391,9.88582,0.000171241,-0.0114185,0,No news
1989,70.7553,65.6879,75.8226,10.1347,0.000174112,0.0134741,0,No news
1990,70.8286,65.8243,75.8329,10.0086,0.000174154,0.000861505,0,No news
1991,70.0311,65.0886,74.9737,9.88504,0.000172805,-0.0114956,0,No news
1992,69.9008,64.911,74.8906,9.97965,0.000171871,-0.00203506,0,No news
1993,69.2117,64.2621,74.1613,9.89923,0.000170144,-0.0100765,0,No news
1994,73.0226,68.0052,78.0399,10.0347,0.000128219,0.00346974,0.05,"Global macro uncertainty rises"
1995,72.0265,67.0958,76.9572,9.86132,0.00013372,-0.013868,0,No news
1996,73.1857,68.1066,78.2649,10.1583,0.000138743,0.0158275,0,No news
1997,73.5227,68.5006,78.5448,10.0442,0.000171679,0.00442202,0,No news
1998,72.7934,67.8441,77.7427,9.89857,0.000174455,-0.010143,0,No news
1999,72.2742,67.3108,77.2375,9.92667,0.000174622,-0.00733324,0,No news
2000,72.397,67.3893,77.4046,10.0153,0.000166583,0.00153095,0,No news
2001,71.6121,66.6674,76.5567,9.8893,0.000168888,-0.0110699,0,No news
2002,71.3508,66.37,76.3317,9.96176,0.000169897,-0.00382418,0,No news
2003,71.248,66.2561,76.24,9.98386,0.000172076,-0.00161411,0,No news
2004,71.1325,66.1415,76.1235,9.98205,0.00017227,-0.00179502,0,No news
2005,71.4628,66.4404,76.4851,10.0446,0.000168675,0.00446346,0,No news
2006,72.1384,67.0922,77.1846,10.0924,0.000168446,0.00924142,0,No news
2007,72.1485,67.1486,77.1483,9.99971,0.000168628,-2.91134e-05,0,No news
2008,72.3203,67.3092,77.3314,10.0221,0.000166952,0.0022121,0,No news
2009,71.5411,66.5961,76.4861,9.88998,0.000169193,-0.0110016,0,No news
2010,71.5532,66.5532,76.5532,10,0.000166735,2.46067e-06,0,No news
2011,72.5295,67.4626,77.5965,10.1339,0.000164155,0.0133877,0,No news
2012,72.2857,67.3034,77.2681,9.9647,0.00016274,-0.00352976,0,No news
2013,71.8116,66.8453,76.7778,9.93256,0.000163121,-0.00674406,0,No news
2014,71.3322,66.3665,76.2979,9.93137,0.000165257,-0.00686251,0,No news
2015,72.022,66.9748,77.0693,10.0946,0.000166952,0.00945681,0,No news
