Day,Mid,Bid,Ask,Spread,Drift,Volatility,Jump,News
0,99.973,99.973,97.4742,102.472,4.99766,0.00019804,-0.00046818,0,No news
1,99.9906,99.973,97.4907,102.491,4.99989,0.000198272,-2.17335e-05,0,No news
2,100.039,99.9906,97.5379,102.539,5.0014,0.000198384,0.000280951,0,No news
3,100.059,100.039,97.5587,102.559,5.00001,0.000198413,2.29012e-06,0,No news
4,100.079,100.059,97.5787,102.579,5.00001,0.000198413,1.74533e-06,0,No news
5,100.098,100.079,97.5978,102.598,4.99996,0.000198413,-7.91969e-06,0,No news
6,100.114,100.098,97.614,102.614,4.99981,0.0001984,-3.73892e-05,0,No news
7,100.123,100.114,97.6233,102.623,4.99947,0.000198382,-0.000106789,0,No news
8,100.144,100.123,97.6436,102.644,5.00003,0.000198413,6.82338e-06,0,No news
9,100.15,100.144,97.6503,102.65,4.99932,0.000198384,-0.000135223,0,No news
10,100.197,100.15,97.6963,102.698,5.00136,0.000198379,0.000271536,0,No news
11,100.213,100.197,97.7134,102.713,4.99982,0.000198406,-3.52392e-05,0,No news
12,100.224,100.213,97.7245,102.724,4.99956,0.000198394,-8.88776e-05,0,No news
13,100.236,100.224,97.7365,102.736,4.99961,0.000198305,-7.83134e-05,0,No news
14,97.3118,100.236,94.8113,99.8123,5.00106,0.000178511,0.0002111,-0.03,"Rumor: firm exploring strategic options"
15,97.3312,97.3118,94.8311,99.8312,5.0001,0.000178571,2.03081e-05,0,No news
16,97.3757,97.3312,94.8751,99.8764,5.0013,0.000198285,0.000259258,0,No news
17,92.6844,97.3757,90.1832,95.1856,5.00233,0.00015799,0.000465168,-0.05,"Global macro uncertainty rises"
18,92.7245,92.6844,90.2238,95.2252,5.00137,0.000158304,0.000274613,0,No news
19,92.7566,92.7245,90.2561,95.2571,5.00094,0.000158661,0.000187077,0,No news
20,90.0057,92.7566,87.5064,92.505,4.99858,0.00017829,-0.000283648,-0.03,"Rumor: firm exploring strategic options"
21,89.9726,90.0057,87.474,92.4713,4.99727,0.00017847,-0.00054611,0,No news
22,89.9561,89.9726,87.4571,92.4552,4.99809,0.000198138,-0.00038201,0,No news
23,89.9923,89.9561,87.4917,92.4928,5.00102,0.000198183,0.000203571,0,No news
24,90.0616,89.9923,87.5602,92.5631,5.00286,0.000198118,0.000572702,0,No news
25,90.0131,90.0616,87.5149,92.5113,4.99631,0.000198203,-0.000737448,0,No news
26,90.0188,90.0131,87.5191,92.5184,4.99932,0.000198385,-0.000135486,0,No news
27,90.0364,90.0188,87.5365,92.5364,4.99999,0.000198413,-1.91261e-06,0,No news
28,90.0401,90.0364,87.5405,92.5397,4.99921,0.000198325,-0.000157814,0,No news
29,90.0575,90.0401,87.5575,92.5575,4.99998,0.000198368,-4.91004e-06,0,No news
30,92.8187,90.0575,90.3188,95.3187,4.99991,0.000218216,-1.85186e-05,0.03,"Rumor: firm exploring strategic options"
31,92.8839,92.8187,90.3827,95.3852,5.00242,0.000218104,0.000484446,0,No news
32,93.0282,92.8839,90.5248,95.5316,5.00677,0.000198196,0.00135399,0,No news
33,88.8204,93.0282,86.3115,91.3293,5.01778,0.000157464,0.00355619,-0.05,"Global macro uncertainty rises"
34,89.044,88.8204,86.5382,91.5499,5.01178,0.000158095,0.00235645,0,No news
35,89.0356,89.044,86.5362,91.5349,4.99873,0.000158326,-0.000253598,0,No news
36,89.0447,89.0356,86.545,91.5445,4.99952,0.000198318,-9.52256e-05,0,No news
37,89.0385,89.0447,86.5392,91.5378,4.99866,0.000198306,-0.000268365,0,No news
38,89.0205,89.0385,86.5215,91.5195,4.998,0.000198151,-0.000400334,0,No news
39,89.1648,89.0205,86.6613,91.6684,5.00711,0.00019798,0.00142178,0,No news
40,89.2405,89.1648,86.7388,91.7421,5.00325,0.000198078,0.000649917,0,No news
41,89.4583,89.2405,86.9527,91.9639,5.0112,0.000197918,0.00223992,0,No news
42,89.5354,89.4583,87.0338,92.0371,5.00332,0.000198064,0.000664038,0,No news
43,89.5389,89.5354,87.0393,92.0385,4.9992,0.000198361,-0.000160178,0,No news
44,89.6108,89.5389,87.1093,92.1123,5.00303,0.000198318,0.000605224,0,No news
45,92.3657,89.6108,89.8655,94.8658,5.0003,0.000218251,6.08199e-05,0.03,"Rumor: firm exploring strategic options"
46,92.3794,92.3657,89.8796,94.8792,4.99965,0.000218253,-6.95842e-05,0,No news
47,92.4113,92.3794,89.9109,94.9117,5.00073,0.000198409,0.000146855,0,No news
48,92.4296,92.4113,89.9296,94.9296,5,0.000198413,-6.92543e-07,0,No news
49,92.4476,92.4296,89.9476,94.9476,4.99999,0.000198413,-2.9518e-06,0,No news
50,92.4545,92.4476,89.9548,94.9542,4.99938,0.000198308,-0.000124233,0,No news
51,92.565,92.4545,90.0625,95.0675,5.00499,0.000198009,0.000997095,0,No news
52,92.5469,92.565,90.0479,95.0459,4.99803,0.000198105,-0.000394425,0,No news
53,92.5219,92.5469,90.0231,95.0208,4.99766,0.000198286,-0.000467816,0,No news
54,92.5391,92.5219,90.0392,95.0391,4.99994,0.000198224,-1.21452e-05,0,No news
55,92.4977,92.5391,89.9993,94.9961,4.99677,0.000198326,-0.00064655,0,No news
56,92.4964,92.4977,89.997,94.9959,4.99894,0.000198311,-0.000211755,0,No news
57,92.5258,92.4964,90.0255,95.0261,5.00059,0.000198337,0.000118672,0,No news
58,92.5432,92.5258,90.0433,95.0432,4.99995,0.000198413,-9.65872e-06,0,No news
59,92.5274,92.5432,90.0283,95.0264,4.99815,0.000198146,-0.000369704,0,No news
60,92.5449,92.5274,90.0449,95.0448,4.99995,0.000198413,-9.13377e-06,0,No news
61,92.5119,92.5449,90.0133,95.0105,4.99723,0.000198101,-0.000554652,0,No news
62,92.5431,92.5119,90.0428,95.0435,5.0007,0.000197747,0.000139774,0,No news
63,102.495,92.5431,99.9904,105,5.00912,0.000314692,0.00182449,0.1,"Firm reports quarterly earnings | Global macro uncertainty rises"
64,102.449,102.495,99.9509,104.947,4.99658,0.000237982,-0.000684952,0,No news
65,102.449,102.449,99.9493,104.948,4.99879,0.000238079,-0.000242842,0,No news
66,107.728,102.449,105.228,110.228,5.00005,0.000238095,1.0218e-05,0.05,"Global macro uncertainty rises"
67,107.767,107.728,105.267,110.267,5.00061,0.000238091,0.000121522,0,No news
68,107.815,107.767,105.314,110.315,5.00103,0.000238073,0.000206944,0,No news
69,107.83,107.815,105.331,110.33,4.99974,0.000198409,-5.29437e-05,0,No news
70,107.809,107.83,105.31,110.308,4.99803,0.000198258,-0.000394513,0,No news
71,107.886,107.809,105.385,110.387,5.00255,0.000198192,0.000510933,0,No news
72,107.79,107.886,105.293,110.288,4.99458,0.000197981,-0.00108335,0,No news
73,107.679,107.79,105.182,110.176,4.99383,0.000197618,-0.00123433,0,No news
74,107.787,107.679,105.285,110.289,5.00406,0.000197263,0.000811382,0,No news
75,107.578,107.787,105.084,110.073,4.98931,0.00019684,-0.00213744,0,No news
76,107.829,107.578,105.323,110.334,5.01063,0.000196494,0.00212644,0,No news
77,107.672,107.829,105.176,110.167,4.99173,0.000196374,-0.00165316,0,No news
78,107.721,107.672,105.22,110.222,5.00132,0.000195747,0.000263029,0,No news
79,107.57,107.721,105.074,110.066,4.99202,0.000196826,-0.00159629,0,No news
80,107.854,107.57,105.347,110.36,5.01216,0.000197108,0.00243223,0,No news
81,108.166,107.854,105.66,110.673,5.0135,0.000196344,0.00269908,0,No news
82,108.396,108.166,105.891,110.901,5.00962,0.000196193,0.0019249,0,No news
83,108.419,108.396,105.919,110.919,5.00006,0.000196886,1.18875e-05,0,No news
84,108.22,108.419,105.725,110.715,4.98985,0.000196628,-0.00203094,0,No news
85,108.599,108.22,106.09,111.107,5.01649,0.000196501,0.00329792,0,No news
86,108.833,108.599,106.328,111.337,5.00978,0.000196142,0.00195536,0,No news
87,109.085,108.833,106.579,111.59,5.01058,0.00019749,0.00211629,0,No news
88,112.252,109.085,109.756,114.748,4.99201,0.000216092,-0.00159841,0.03,"Rumor: firm exploring strategic options"
89,111.944,112.252,109.452,114.437,4.98521,0.000216271,-0.002957,0,No news
90,111.907,111.944,109.409,114.406,4.99736,0.000197173,-0.000528076,0,No news
91,111.904,111.907,109.405,114.404,4.99887,0.000197513,-0.000225475,0,No news
92,111.951,111.904,109.451,114.452,5.00111,0.000196978,0.000222651,0,No news
93,112.038,111.951,109.537,114.54,5.0029,0.000197632,0.000580995,0,No news
94,111.83,112.038,109.335,114.324,4.98969,0.000197955,-0.00206297,0,No news
95,111.925,111.83,109.423,114.426,5.00326,0.000197393,0.000652907,0,No news
96,111.893,111.925,109.394,114.391,4.99758,0.000197428,-0.000484951,0,No news
97,112.553,111.893,110.039,115.067,5.02845,0.000196714,0.00568989,0,No news
98,112.345,112.553,109.851,114.84,4.98978,0.000196444,-0.00204303,0,No news
99,112.461,112.345,109.959,114.963,5.00417,0.00019654,0.000833299,0,No news
100,112.528,112.461,110.027,115.029,5.002,0.000197699,0.000399747,0,No news
101,112.75,112.528,110.245,115.254,5.00884,0.000197525,0.00176727,0,No news
102,112.794,112.75,110.293,115.294,5.00095,0.000196938,0.000190911,0,No news
103,113.321,112.794,110.809,115.832,5.02233,0.000196006,0.00446654,0,No news
104,113.447,113.321,110.945,115.95,5.00461,0.000195987,0.000921119,0,No news
105,113.199,113.447,110.705,115.693,4.98806,0.000197059,-0.00238789,0,No news
106,113.152,113.199,110.654,115.65,4.99694,0.000197458,-0.000612872,0,No news
107,113.17,113.152,110.67,115.67,4.99981,0.000197876,-3.7297e-05,0,No news
108,113.302,113.17,110.8,115.805,5.00485,0.000198002,0.000970015,0,No news
109,113.129,113.302,110.633,115.625,4.99135,0.000198127,-0.00172928,0,No news
110,113.15,113.129,110.65,115.65,4.99994,0.000198096,-1.12993e-05,0,No news
111,113.178,113.15,110.678,115.678,5.00025,0.000198275,4.98093e-05,0,No news
112,113.208,113.178,110.708,115.708,5.00031,0.000198395,6.1244e-05,0,No news
113,113.023,113.208,110.527,115.518,4.99084,0.000197898,-0.00183284,0,No news
114,112.98,113.023,110.481,115.479,4.99712,0.000198049,-0.000576675,0,No news
115,113.085,112.98,110.583,115.587,5.00365,0.000198156,0.000730214,0,No news
116,113.192,113.085,110.691,115.694,5.00376,0.000198019,0.000752797,0,No news
117,118.756,113.192,116.262,121.251,4.98874,0.000236645,-0.00225202,0.05,"Global macro uncertainty rises"
118,118.877,118.756,116.375,121.378,5.00387,0.000237558,0.000773304,0,No news
119,119.075,118.877,116.572,121.579,5.00717,0.000237447,0.00143481,0,No news
120,119.002,119.075,116.504,121.5,4.99591,0.000198174,-0.000818218,0,No news
121,119.061,119.002,116.56,121.561,5.00149,0.000198274,0.000297808,0,No news
122,119.161,119.061,116.659,121.662,5.00321,0.000198131,0.000642226,0,No news
123,119.124,119.161,116.625,121.623,4.99747,0.000198324,-0.000505385,0,No news
124,119.21,119.124,116.709,121.711,5.0026,0.000198348,0.000519978,0,No news
125,119.241,119.21,116.741,121.741,5.00032,0.000198403,6.48826e-05,0,No news
126,125.429,119.241,122.928,127.93,5.00158,0.000277692,0.000315559,0.05,"Firm reports quarterly earnings"
127,125.613,125.429,123.11,128.116,5.00633,0.000198084,0.00126577,0,No news
128,125.474,125.613,122.977,127.97,4.99346,0.000198219,-0.00130722,0,No news
129,125.503,125.474,123.002,128.003,5.00015,0.000198329,3.09817e-05,0,No news
130,125.6,125.503,123.099,128.102,5.00291,0.000198369,0.000581671,0,No news
131,125.65,125.6,123.15,128.151,5.00099,0.000198367,0.000197151,0,No news
132,125.659,125.65,123.159,128.159,4.99936,0.000198344,-0.000128286,0,No news
133,125.684,125.659,123.184,128.184,5,0.000198413,-4.95245e-07,0,No news
134,125.547,125.684,123.051,128.044,4.99358,0.000197881,-0.00128374,0,No news
135,125.684,125.547,123.182,128.186,5.00445,0.000198307,0.000890506,0,No news
136,125.725,125.684,123.225,128.226,5.00065,0.000198172,0.000130008,0,No news
137,125.633,125.725,123.135,128.131,4.99533,0.000197782,-0.000933683,0,No news
138,125.789,125.633,123.286,128.291,5.0052,0.000197819,0.00104039,0,No news
139,119.207,125.789,116.717,121.697,4.98053,0.000153178,-0.00389401,-0.05,"Global macro uncertainty rises"
140,119.412,119.207,116.908,121.916,5.00782,0.000150332,0.00156494,0,No news
141,119.426,119.412,116.926,121.926,4.99984,0.000149929,-3.24278e-05,0,No news
142,119.653,119.426,117.149,122.158,5.00853,0.000196843,0.00170634,0,No news
143,119.48,119.653,116.984,121.976,4.99177,0.00019725,-0.00164669,0,No news
144,119.674,119.48,117.17,122.177,5.00712,0.000196786,0.00142351,0,No news
145,119.934,119.674,117.429,122.439,5.00987,0.000196741,0.00197401,0,No news
146,120.315,119.934,117.808,122.823,5.0149,0.000195819,0.00297945,0,No news
147,120.597,120.315,118.091,123.102,5.0107,0.000196185,0.00214055,0,No news
148,121.074,120.597,118.565,123.584,5.01879,0.000196043,0.0037576,0,No news
149,121.006,121.074,118.508,123.504,4.99619,0.000196127,-0.000762108,0,No news
150,121.074,121.006,118.573,123.575,5.00184,0.000196523,0.000368036,0,No news
151,121.221,121.074,118.719,123.724,5.00508,0.000196226,0.00101619,0,No news
152,121.424,121.221,118.92,123.928,5.00738,0.000195991,0.00147682,0,No news
153,121.222,121.424,118.727,123.718,4.99071,0.000196143,-0.00185883,0,No news
154,121.462,121.222,118.958,123.967,5.00891,0.000196742,0.00178223,0,No news
155,121.042,121.462,118.551,123.533,4.98167,0.000196461,-0.00366668,0,No news
156,121.595,121.042,119.084,124.106,5.02182,0.000195719,0.00436441,0,No news
157,121.704,121.595,119.203,124.206,5.00352,0.000196218,0.000704308,0,No news
158,121.877,121.704,119.374,124.38,5.00611,0.00019652,0.00122254,0,No news
159,121.888,121.877,119.388,124.387,4.99944,0.000197167,-0.000112761,0,No news
160,122.196,121.888,119.69,124.702,5.01166,0.000196632,0.00233203,0,No news
161,122.136,122.196,119.638,124.635,4.99657,0.00019637,-0.000685313,0,No news
162,122.02,122.136,119.523,124.517,4.99424,0.000197258,-0.00115104,0,No news
163,121.927,122.02,119.43,124.425,4.99522,0.000197472,-0.00095692,0,No news
164,121.894,121.927,119.395,124.392,4.99762,0.000197447,-0.00047526,0,No news
165,122.13,121.894,119.625,124.634,5.00868,0.00019737,0.00173682,0,No news
166,121.932,122.13,119.436,124.427,4.9909,0.000197547,-0.0018199,0,No news
167,122.034,121.932,119.532,124.535,5.00319,0.000197813,0.000638973,0,No news
168,122.123,122.034,119.621,124.624,5.00266,0.000197557,0.000531309,0,No news
169,122.108,122.123,119.608,124.607,4.9984,0.000196937,-0.000320163,0,No news
170,122.368,122.108,119.863,124.873,5.00967,0.000195618,0.0019343,0,No news
171,122.738,122.368,120.231,125.245,5.01413,0.000197182,0.00282522,0,No news
172,122.594,122.738,120.098,125.091,4.99314,0.000197532,-0.00137251,0,No news
173,122.301,122.594,119.807,124.794,4.98703,0.0001973,-0.00259356,0,No news
174,122.568,122.301,120.063,125.073,5.00991,0.000197603,0.00198205,0,No news
175,122.736,122.568,120.233,125.239,5.00588,0.000197364,0.00117612,0,No news
176,122.526,122.736,120.031,125.021,4.99045,0.000197643,-0.00190905,0,No news
177,122.717,122.526,120.214,125.221,5.00681,0.000197342,0.00136142,0,No news
178,122.786,122.717,120.285,125.287,5.00182,0.000196895,0.000364218,0,No news
179,123.242,122.786,120.733,125.75,5.01752,0.00019738,0.00350381,0,No news
180,123.232,123.242,120.732,125.731,4.99862,0.000197151,-0.000276181,0,No news
181,123.284,123.232,120.784,125.785,5.00115,0.000197235,0.000229594,0,No news
182,123.352,123.284,120.852,125.853,5.00177,0.000196661,0.000354887,0,No news
183,123.417,123.352,120.916,125.917,5.00162,0.000196119,0.000324244,0,No news
184,123.608,123.417,121.104,126.111,5.00675,0.000196195,0.00135048,0,No news
185,123.584,123.608,121.085,126.083,4.99805,0.000195777,-0.000389439,0,No news
186,123.695,123.584,121.193,126.197,5.00352,0.000196292,0.000703782,0,No news
187,123.576,123.695,121.079,126.073,4.99422,0.000196241,-0.00115629,0,No news
188,123.693,123.576,121.191,126.195,5.00373,0.00019676,0.000746368,0,No news
189,129.935,123.693,127.438,132.433,4.9948,0.000273609,-0.00103958,0.05,"Firm reports quarterly earnings"
190,129.766,129.935,127.27,132.262,4.99249,0.000196777,-0.00150147,0,No news
191,129.59,129.766,127.094,132.086,4.99225,0.000196553,-0.00155058,0,No news
192,129.475,129.59,126.978,131.973,4.9946,0.000194943,-0.0010808,0,No news
193,129.494,129.475,126.994,131.993,4.99972,0.000196664,-5.64226e-05,0,No news
194,129.785,129.494,127.28,132.29,5.01027,0.000196707,0.00205315,0,No news
195,129.601,129.785,127.105,132.097,4.99192,0.000196536,-0.00161544,0,No news
196,129.705,129.601,127.204,132.207,5.00302,0.000196707,0.000604718,0,No news
197,129.933,129.705,127.429,132.437,5.0078,0.000197734,0.00155934,0,No news
198,130.125,129.933,127.622,132.629,5.0064,0.000198005,0.0012796,0,No news
199,130.235,130.125,127.734,132.737,5.00323,0.000197886,0.000646337,0,No news
200,130.365,130.235,127.863,132.867,5.00398,0.000197449,0.000795836,0,No news
201,130.356,130.365,127.857,132.855,4.99868,0.000197132,-0.00026313,0,No news
202,130.25,130.356,127.753,132.748,4.99496,0.000196938,-0.00100899,0,No news
203,130.688,130.25,128.181,133.196,5.01581,0.000197118,0.00316137,0,No news
204,124.383,130.688,121.882,126.884,5.00199,0.000155419,0.000397102,-0.05,"Global macro uncertainty rises"
205,124.301,124.383,121.803,126.799,4.9959,0.000155243,-0.000820691,0,No news
206,124.536,124.301,122.032,127.041,5.00869,0.000154383,0.00173883,0,No news
207,124.577,124.536,122.076,127.077,5.00064,0.000197619,0.000127721,0,No news
208,124.692,124.577,122.19,127.194,5.00362,0.00019799,0.000724754,0,No news
209,124.726,124.692,122.226,127.227,5.0004,0.000197938,8.02432e-05,0,No news
210,124.711,124.726,122.211,127.21,4.99837,0.000197714,-0.000325705,0,No news
211,124.561,124.711,122.065,127.058,4.99303,0.000197332,-0.00139421,0,No news
212,124.454,124.561,121.957,126.952,4.99473,0.00019658,-0.00105475,0,No news
213,124.423,124.454,121.924,126.922,4.99773,0.00019746,-0.000453402,0,No news
214,124.395,124.423,121.896,126.894,4.99792,0.000197643,-0.000416982,0,No news
215,124.599,124.395,122.096,127.103,5.00721,0.00019755,0.00144214,0,No news
216,124.516,124.599,122.018,127.014,4.99567,0.000197628,-0.000866678,0,No news
217,124.488,124.516,121.99,126.987,4.9979,0.000198009,-0.000420517,0,No news
218,124.486,124.488,121.986,126.985,4.9989,0.000198367,-0.000220116,0,No news
219,124.439,124.486,121.941,126.938,4.99714,0.000198171,-0.000572632,0,No news
220,124.327,124.439,121.83,126.825,4.99452,0.000198014,-0.00109589,0,No news
221,124.684,124.327,122.177,127.191,5.01333,0.00019736,0.00266699,0,No news
222,125.116,124.684,122.608,127.624,5.0163,0.000197072,0.00326038,0,No news
223,125.309,125.116,122.806,127.812,5.00672,0.000196883,0.00134432,0,No news
224,125.382,125.309,122.881,127.883,5.00193,0.000196109,0.000385769,0,No news
225,125.571,125.382,123.067,128.074,5.00654,0.000197039,0.00130754,0,No news
226,125.52,125.571,123.022,128.019,4.997,0.000197275,-0.000599669,0,No news
227,122.009,125.52,119.505,124.512,5.00726,0.000175286,0.00145164,-0.03,"Rumor: firm exploring strategic options"
228,122.235,122.009,119.731,124.739,5.00839,0.00017509,0.0016776,0,No news
229,122.252,122.235,119.752,124.752,4.9997,0.000197395,-6.09157e-05,0,No news
230,122.643,122.252,120.136,125.151,5.01501,0.000196978,0.00300271,0,No news
231,122.793,122.643,120.291,125.296,5.00512,0.00019562,0.00102328,0,No news
232,123.458,122.793,120.945,125.971,5.02603,0.000194961,0.00520682,0,No news
233,123.67,123.458,121.167,126.174,5.00761,0.000195494,0.00152132,0,No news
234,124.171,123.67,121.662,126.681,5.01924,0.000194881,0.00384787,0,No news
235,123.928,124.171,121.433,126.422,4.9892,0.00019577,-0.00215977,0,No news
236,124.06,123.928,121.558,126.562,5.00435,0.000195755,0.000870854,0,No news
237,124.255,124.06,121.752,126.758,5.00688,0.000194878,0.00137608,0,No news
238,124.414,124.255,121.912,126.917,5.00544,0.000195005,0.0010873,0,No news
239,125.027,124.414,122.516,127.539,5.0236,0.000194754,0.00472071,0,No news
240,124.92,125.027,122.422,127.417,4.99472,0.000194612,-0.00105618,0,No news
241,125.016,124.92,122.514,127.517,5.00288,0.000194213,0.000575262,0,No news
242,125.036,125.016,122.536,127.536,4.99981,0.000195525,-3.76122e-05,0,No news
243,124.899,125.036,122.402,127.396,4.99355,0.000195602,-0.0012895,0,No news
244,124.659,124.899,122.164,127.154,4.98941,0.000194776,-0.00211884,0,No news
245,124.631,124.659,122.132,127.13,4.9979,0.00019438,-0.000419905,0,No news
246,124.803,124.631,122.3,127.306,5.00592,0.000194284,0.00118325,0,No news
247,124.886,124.803,122.385,127.387,5.00236,0.000195384,0.000471712,0,No news
248,124.293,124.886,121.805,126.78,4.97523,0.000193351,-0.0049533,0,No news
249,124.759,124.293,122.25,127.268,5.01776,0.00019341,0.00355299,0,No news
250,125.063,124.759,122.558,127.569,5.01121,0.000193106,0.00224118,0,No news
251,125.276,125.063,122.772,127.779,5.0075,0.000195265,0.00150097,0,No news
252,131.869,125.276,129.366,134.372,5.0051,0.000272367,0.00101936,0.05,"Firm reports quarterly earnings"
253,132.575,131.869,130.063,135.088,5.02573,0.000195861,0.00514699,0,No news
254,132.565,132.575,130.066,135.064,4.99863,0.000195458,-0.000273788,0,No news
255,132.623,132.565,130.122,135.123,5.00118,0.000196501,0.000236861,0,No news
256,132.625,132.623,130.125,135.124,4.99911,0.000195961,-0.000178359,0,No news
257,132.495,132.625,129.998,134.992,4.99412,0.000196302,-0.00117647,0,No news
258,132.745,132.495,130.241,135.249,5.00844,0.000195942,0.00168808,0,No news
259,132.421,132.745,129.927,134.914,4.98681,0.000194898,-0.00263814,0,No news
260,132.401,132.421,129.902,134.9,4.99829,0.000194446,-0.000342802,0,No news
261,132.575,132.401,130.073,135.078,5.0056,0.000194528,0.00111998,0,No news
262,136.979,132.575,134.472,139.485,5.01233,0.000207376,0.00246637,0.03,"Rumor: firm exploring strategic options"
263,136.584,136.979,134.091,139.076,4.98451,0.000209722,-0.00309729,0,No news
264,136.518,136.584,134.02,139.017,4.99664,0.000193763,-0.000672607,0,No news
265,136.998,136.518,134.49,139.507,5.01659,0.000193466,0.00331724,0,No news
266,137.272,136.998,134.767,139.776,5.00899,0.000192998,0.00179849,0,No news
267,136.264,137.272,133.783,138.745,4.9622,0.000192033,-0.00756085,0,No news
268,132.597,136.264,130.091,135.104,5.01281,0.000163625,0.0025621,-0.03,"Rumor: firm exploring strategic options"
269,132.673,132.597,130.172,135.174,5.00204,0.000159562,0.000407542,0,No news
270,132.309,132.673,129.817,134.802,4.98533,0.000191979,-0.00293451,0,No news
271,132.223,132.309,129.725,134.721,4.99579,0.000190944,-0.000841667,0,No news
272,132.563,132.223,130.057,135.069,5.01188,0.000190955,0.00237524,0,No news
273,133.373,132.563,130.858,135.887,5.02948,0.000194069,0.00589604,0,No news
274,133.486,133.373,130.985,135.988,5.00329,0.000194722,0.000657287,0,No news
275,133.39,133.486,130.892,135.887,4.9954,0.000196038,-0.000920911,0,No news
276,132.76,133.39,130.272,135.248,4.97537,0.000195107,-0.00492688,0,No news
277,139.386,132.76,136.889,141.882,4.99239,0.000222646,-0.00152137,0.05,"Global macro uncertainty rises"
278,139.954,139.386,137.444,142.463,5.01923,0.000220988,0.00384607,0,No news
279,139.246,139.954,136.759,141.733,4.97356,0.000219413,-0.0052871,0,No news
280,138.643,139.246,136.155,141.132,4.97733,0.000193602,-0.00453353,0,No news
281,139.441,138.643,136.927,141.955,5.02771,0.000193111,0.00554238,0,No news
282,139.183,139.441,136.688,141.678,4.98979,0.000194818,-0.00204208,0,No news
283,139.274,139.183,136.773,141.775,5.00227,0.000194971,0.000454763,0,No news
284,139.239,139.274,136.74,141.738,4.99779,0.000194208,-0.000441388,0,No news
285,139.697,139.239,137.19,142.205,5.01544,0.000194492,0.00308889,0,No news
286,139.951,139.697,137.447,142.455,5.00811,0.000193888,0.00162136,0,No news
287,140.398,139.951,137.89,142.905,5.01496,0.000193782,0.00299193,0,No news
288,140.11,140.398,137.615,142.604,4.98876,0.000194391,-0.00224811,0,No news
289,139.439,140.11,136.952,141.927,4.97505,0.000193698,-0.00498987,0,No news
290,139.33,139.439,136.832,141.827,4.99509,0.00019361,-0.000981076,0,No news
291,139.012,139.33,136.519,141.506,4.98763,0.000194886,-0.00247341,0,No news
292,146.927,139.012,144.414,149.44,5.02575,0.000225693,0.00514954,0.05,"Global macro uncertainty rises"
293,147.781,146.927,145.267,150.295,5.02784,0.000227566,0.00556812,0,No news
294,148.714,147.781,146.199,151.229,5.03031,0.000227395,0.00606199,0,No news
295,148.727,148.714,146.227,151.226,4.99945,0.000195895,-0.000109532,0,No news
296,148.693,148.727,146.194,151.192,4.99788,0.000195628,-0.000423615,0,No news
297,147.851,148.693,145.366,150.336,4.97064,0.000194876,-0.00587143,0,No news
298,148.314,147.851,145.807,150.822,5.01468,0.000192557,0.00293556,0,No news
299,148.067,148.314,145.572,150.563,4.9907,0.000192744,-0.00185973,0,No news
300,148.392,148.067,145.887,150.897,5.00999,0.000193627,0.00199734,0,No news
301,148.338,148.392,145.84,150.837,4.99723,0.00019261,-0.000553665,0,No news
302,147.862,148.338,145.371,150.354,4.98297,0.000191364,-0.00340655,0,No news
303,148.809,147.862,146.293,151.324,5.03094,0.000192589,0.00618857,0,No news
304,149.587,148.809,147.075,152.1,5.02513,0.000191938,0.0050265,0,No news
305,149.157,149.587,146.665,151.649,4.98463,0.000192872,-0.00307435,0,No news
306,148.791,149.157,146.298,151.284,4.98675,0.000193243,-0.00264973,0,No news
307,148.436,148.791,145.942,150.929,4.98709,0.000192506,-0.00258173,0,No news
308,148.529,148.436,146.028,151.03,5.00218,0.000193708,0.000435642,0,No news
309,147.849,148.529,145.361,150.337,4.97606,0.000194873,-0.00478802,0,No news
310,147.18,147.849,144.692,149.668,4.97636,0.000194761,-0.00472709,0,No news
311,146.605,147.18,144.115,149.095,4.97945,0.000194073,-0.00411094,0,No news
312,142.147,146.605,139.649,144.644,4.99474,0.000172149,-0.00105298,-0.03,"Rumor: firm exploring strategic options"
313,142.427,142.147,139.922,144.931,5.00899,0.000171887,0.00179705,0,No news
314,142.102,142.427,139.608,144.596,4.98761,0.000195677,-0.00247789,0,No news
315,142.48,142.102,139.974,144.986,5.01231,0.000195127,0.00246125,0,No news
316,142.452,142.48,139.953,144.951,4.99802,0.000196029,-0.000395189,0,No news
317,142.546,142.452,140.044,145.047,5.00231,0.000196215,0.000462044,0,No news
318,142.554,142.546,140.054,145.054,4.99931,0.000196349,-0.000137911,0,No news
319,142.228,142.554,139.734,144.721,4.98756,0.000195918,-0.00248796,0,No news
320,142.656,142.228,140.149,145.163,5.01407,0.000195373,0.00281359,0,No news
321,137.055,142.656,134.581,139.53,4.9489,0.000167205,-0.0102195,-0.03,"Rumor: firm exploring strategic options"
322,135.825,137.055,133.348,138.302,4.95406,0.000167643,-0.00918701,0,No news
323,135.894,135.825,133.393,138.394,5.00155,0.000196092,0.000310452,0,No news
324,136.003,135.894,133.501,138.504,5.00304,0.000196355,0.000608255,0,No news
325,136.4,136.003,133.894,138.907,5.01361,0.000196033,0.00272215,0,No news
326,142.037,136.4,139.511,144.563,5.05141,0.00021207,0.0102813,0.03,"Rumor: firm exploring strategic options"
327,143.031,142.037,140.514,145.548,5.03382,0.000211516,0.00676356,0,No news
328,143.361,143.031,140.856,145.866,5.01052,0.000197197,0.00210456,0,No news
329,147.068,143.361,144.58,149.557,4.97659,0.000215366,-0.0046827,0.03,"Rumor: firm exploring strategic options"
330,146.984,147.068,144.485,149.482,4.99604,0.000214835,-0.000792266,0,No news
331,147.283,146.984,144.778,149.787,5.00919,0.000196762,0.0018371,0,No news
332,147.513,147.283,145.01,150.017,5.00684,0.000197505,0.00136783,0,No news
333,147.812,147.513,145.308,150.317,5.00913,0.000197502,0.00182586,0,No news
334,147.752,147.812,145.254,150.251,4.99698,0.000197587,-0.000604437,0,No news
335,147.801,147.752,145.3,150.301,5.00066,0.000197576,0.00013174,0,No news
336,147.75,147.801,145.252,150.249,4.99731,0.000197825,-0.000538227,0,No news
337,147.735,147.75,145.236,150.234,4.99848,0.000198169,-0.000303371,0,No news
338,147.746,147.735,145.246,150.245,4.99937,0.000197998,-0.00012513,0,No news
339,147.741,147.746,145.242,150.241,4.99886,0.000197658,-0.000227856,0,No news
340,147.839,147.741,145.338,150.34,5.00232,0.00019811,0.000464572,0,No news
341,147.849,147.839,145.349,150.349,4.99934,0.000198253,-0.000132003,0,No news
342,147.714,147.849,145.217,150.212,4.99445,0.000197956,-0.00110919,0,No news
343,147.738,147.714,145.238,150.237,4.9998,0.000197905,-4.08154e-05,0,No news
344,147.922,147.738,145.419,150.425,5.00525,0.000197659,0.00105017,0,No news
345,147.881,147.922,145.383,150.38,4.99764,0.000197553,-0.000472472,0,No news
346,148.199,147.881,145.694,150.704,5.00975,0.000197347,0.00195012,0,No news
347,148.171,148.199,145.672,150.67,4.99806,0.00019736,-0.000387872,0,No news
348,148.209,148.171,145.709,150.709,5.0003,0.000197175,6.09345e-05,0,No news
349,148.279,148.209,145.779,150.78,5.00138,0.000197749,0.000275693,0,No news
350,148.349,148.279,145.849,150.85,5.00136,0.000198148,0.000272497,0,No news
351,143.995,148.349,141.495,146.495,5.00014,0.000178281,2.8119e-05,-0.03,"Rumor: firm exploring strategic options"
352,144.36,143.995,141.854,146.866,5.01177,0.000178111,0.00235448,0,No news
353,144.553,144.36,142.05,147.056,5.00569,0.000198065,0.00113777,0,No news
354,144.682,144.553,142.18,147.184,5.00348,0.0001974,0.0006963,0,No news
355,144.477,144.682,141.981,146.973,4.99193,0.000197268,-0.00161398,0,No news
356,144.351,144.477,141.854,146.849,4.99466,0.000197323,-0.00106738,0,No news
357,144.745,144.351,142.239,147.251,5.01262,0.000197502,0.0025248,0,No news
358,144.598,144.745,142.101,147.095,4.99393,0.000197453,-0.00121371,0,No news
359,144.878,144.598,142.374,147.382,5.00869,0.000196759,0.00173715,0,No news
360,144.287,144.878,141.797,146.776,4.97858,0.000196132,-0.00428439,0,No news
361,144.093,144.287,141.597,146.59,4.99232,0.000194634,-0.00153544,0,No news
362,153.706,144.093,151.17,156.242,5.07178,0.000221917,0.0143559,0.05,"Global macro uncertainty rises"
363,152.694,153.706,150.211,155.176,4.9659,0.000213755,-0.00682064,0,No news
364,154.068,152.694,151.546,156.59,5.04371,0.000219419,0.00874176,0,No news
365,153.846,154.068,151.35,156.342,4.99183,0.000193096,-0.00163333,0,No news
366,153.789,153.846,151.291,156.288,4.99719,0.00019244,-0.000562924,0,No news
367,153.857,153.789,151.356,156.357,5.00123,0.000191655,0.000246254,0,No news
368,153.35,153.857,150.858,155.841,4.98254,0.000190794,-0.00349171,0,No news
369,153.845,153.35,151.337,156.352,5.01518,0.000188945,0.00303566,0,No news
370,153.093,153.845,150.605,155.58,4.97455,0.000188042,-0.00509018,0,No news
371,153.11,153.093,150.61,155.61,4.99965,0.000185464,-6.97992e-05,0,No news
372,152.876,153.11,150.38,155.372,4.99142,0.000184276,-0.00171656,0,No news
373,153.149,152.876,150.645,155.653,5.00802,0.00018384,0.00160407,0,No news
374,153.581,153.149,151.075,156.088,5.01313,0.000188245,0.00262653,0,No news
375,154.035,153.581,151.528,156.542,5.01384,0.000185266,0.00276785,0,No news
376,154.548,154.035,152.04,157.056,5.01568,0.000186771,0.00313621,0,No news
377,154.986,154.548,152.479,157.492,5.01322,0.00018511,0.00264336,0,No news
378,154.822,154.986,152.325,157.319,4.99378,0.000185234,-0.00124317,0,No news
379,155.398,154.822,152.889,157.907,5.01764,0.000185634,0.00352758,0,No news
380,155.161,155.398,152.665,157.656,4.99143,0.00018778,-0.00171485,0,No news
381,156.492,155.161,153.971,159.013,5.04178,0.00018534,0.00835597,0,No news
382,155.7,156.492,153.213,158.187,4.97371,0.000187616,-0.00525741,0,No news
383,156.365,155.7,153.855,158.875,5.02035,0.000188012,0.00407088,0,No news
384,156.36,156.365,153.861,158.86,4.99891,0.000190475,-0.00021838,0,No news
385,157.188,156.36,154.675,159.7,5.02542,0.000191061,0.00508429,0,No news
386,157.266,157.188,154.765,159.767,5.00153,0.000192949,0.000305904,0,No news
387,158.034,157.266,155.522,160.545,5.02338,0.000193353,0.00467563,0,No news
388,157.752,158.034,155.257,160.247,4.99013,0.000192738,-0.00197355,0,No news
389,157.56,157.752,155.063,160.056,4.99293,0.000191798,-0.00141424,0,No news
390,157.442,157.56,154.944,159.94,4.99532,0.000190606,-0.000936776,0,No news
391,157.766,157.442,155.262,160.271,5.00934,0.000189241,0.0018677,0,No news
392,157.751,157.766,155.252,160.25,4.9986,0.000184319,-0.000280835,0,No news
393,157.37,157.751,154.876,159.863,4.98699,0.000183676,-0.00260273,0,No news
394,155.107,157.37,152.644,157.57,4.92666,0.000183677,-0.0146677,0,No news
395,156.301,155.107,153.782,158.82,5.03743,0.000182875,0.00748585,0,No news
396,155.163,156.301,152.682,157.645,4.96257,0.000182176,-0.007487,0,No news
397,153.152,155.163,150.685,155.619,4.93384,0.000183589,-0.0132323,0,No news
398,152.295,153.152,149.81,154.781,4.97105,0.000181868,-0.00578982,0,No news
399,152.189,152.295,149.691,154.687,4.99559,0.000181926,-0.000882809,0,No news
400,152.297,152.189,149.795,154.798,5.00265,0.000179131,0.00052959,0,No news
401,152.863,152.297,150.354,155.372,5.01766,0.000177524,0.00353213,0,No news
402,152.638,152.863,150.142,155.134,4.99176,0.000174672,-0.00164772,0,No news
403,150.413,152.638,147.951,152.876,4.92575,0.00017045,-0.0148494,0,No news
404,149.432,150.413,146.949,151.915,4.96643,0.000168404,-0.00671375,0,No news
405,150.105,149.432,147.594,152.616,5.02161,0.000169605,0.00432212,0,No news
406,150.839,150.105,148.327,153.351,5.02355,0.000168258,0.00470948,0,No news
407,152.475,150.839,149.949,155.002,5.05309,0.000171563,0.0106184,0,No news
408,151.68,152.475,149.193,154.166,4.97298,0.000173611,-0.00540397,0,No news
409,151.391,151.68,148.896,153.886,4.98962,0.000172185,-0.00207662,0,No news
410,149.04,151.391,146.579,151.5,4.92087,0.000171486,-0.0158261,0,No news
411,149.307,149.04,146.802,151.811,5.00809,0.000170835,0.00161777,0,No news
412,147.099,149.307,144.637,149.561,4.92466,0.000172024,-0.0150677,0,No news
413,147.085,147.099,144.585,149.584,4.99866,0.000172518,-0.000268959,0,No news
414,145.21,147.085,142.743,147.678,4.935,0.000173353,-0.0129992,0,No news
415,144.533,145.21,142.045,147.021,4.97579,0.00016968,-0.00484292,0,No news
416,141.966,144.533,139.511,144.421,4.90953,0.000170219,-0.0180932,0,No news
417,141.46,141.966,138.969,143.951,4.98131,0.000166331,-0.00373716,0,No news
418,142.764,141.46,140.241,145.287,5.04505,0.000166094,0.00901048,0,No news
419,143.868,142.764,141.349,146.387,5.03769,0.000167795,0.00753769,0,No news
420,144.463,143.868,141.953,146.973,5.01977,0.000172675,0.00395314,0,No news
421,143.846,144.463,141.357,146.335,4.97775,0.000169009,-0.00445098,0,No news
422,146.001,143.846,143.465,148.538,5.07354,0.000166255,0.0147074,0,No news
423,145.635,146.001,143.142,148.128,4.9866,0.000166907,-0.00267927,0,No news
424,145.092,145.635,142.602,147.583,4.98049,0.000169124,-0.00390125,0,No news
425,144.156,145.092,141.672,146.639,4.96675,0.000171067,-0.00664927,0,No news
426,143.297,144.156,140.813,145.782,4.9693,0.000168213,-0.00613904,0,No news
427,143.364,143.297,140.864,145.865,5.0015,0.000167588,0.000300197,0,No news
428,142.789,143.364,140.299,145.278,4.97906,0.000163784,-0.00418734,0,No news
429,143.769,142.789,141.252,146.285,5.03339,0.00016279,0.00667718,0,No news
430,143.13,143.769,140.641,145.618,4.97694,0.000158733,-0.00461235,0,No news
431,141.835,143.13,139.358,144.312,4.95375,0.000160462,-0.00925041,0,No news
432,143.718,141.835,141.185,146.25,5.06517,0.000154092,0.0130347,0,No news
433,146.373,143.718,143.828,148.919,5.09078,0.000154233,0.0181554,0,No news
434,147.393,146.373,144.876,149.91,5.03392,0.00015455,0.00678493,0,No news
435,147.966,147.393,145.457,150.475,5.01863,0.000154536,0.0037265,0,No news
436,147.395,147.966,144.905,149.885,4.9799,0.000153687,-0.00401944,0,No news
437,148.455,147.395,145.938,150.973,5.03508,0.000150391,0.00701648,0,No news
438,148.959,148.455,146.451,151.467,5.01621,0.000147184,0.00324137,0,No news
439,151.507,148.959,148.965,154.049,5.08406,0.000150052,0.0168113,0,No news
440,152.069,151.507,149.56,154.578,5.01775,0.00015088,0.00354973,0,No news
441,152.633,152.069,150.124,155.142,5.01778,0.000148926,0.00355582,0,No news
442,154.342,152.633,151.814,156.869,5.05493,0.000146035,0.0109861,0,No news
443,156.936,154.342,154.394,159.477,5.08259,0.000146776,0.0165186,0,No news
444,157.492,156.936,154.984,160.001,5.01697,0.000147646,0.00339322,0,No news
445,156.464,157.492,153.98,158.947,4.96649,0.000148887,-0.00670272,0,No news
446,161.59,156.464,159.009,164.17,5.16046,0.000145578,0.0320916,0,No news
447,163.622,161.59,161.091,166.153,5.06176,0.000146762,0.0123522,0,No news
448,163.629,163.622,161.129,166.129,4.99947,0.000147819,-0.00010547,0,No news
449,161.799,163.629,159.327,164.27,4.94304,0.000142117,-0.0113912,0,No news
450,161.679,161.799,159.181,164.176,4.99556,0.00014652,-0.000888334,0,No news
451,167.906,161.679,165.386,170.425,5.03856,7.99519e-05,0.00771143,0.03,"Rumor: firm exploring strategic options"
452,168.015,167.906,165.513,170.516,5.00287,7.69638e-05,0.000573763,0,No news
453,162.856,168.015,160.434,165.277,4.84336,0.000140609,-0.0313282,0,No news
454,162.719,162.856,160.221,165.216,4.99508,0.000143144,-0.00098421,0,No news
455,165.365,162.719,162.825,167.905,5.07995,0.000140807,0.0159906,0,No news
456,167.927,165.365,165.389,170.465,5.07615,0.000143781,0.0152307,0,No news
457,167.727,167.927,165.23,170.223,4.9933,0.000145281,-0.00133916,0,No news
458,167.393,167.727,164.899,169.888,4.98934,0.000143396,-0.00213188,0,No news
459,166.684,167.393,164.195,169.173,4.97808,0.000139688,-0.00438485,0,No news
460,168.597,166.684,166.069,171.125,5.05635,0.000141032,0.0112695,0,No news
461,169.062,168.597,166.555,171.568,5.01303,0.000143599,0.00260637,0,No news
462,172.175,169.062,169.629,174.72,5.09049,0.000148957,0.0180971,0,No news
463,177.159,172.175,174.588,179.729,5.14196,0.000145124,0.0283911,0,No news
464,175.046,177.159,172.576,177.516,4.93932,0.000140704,-0.0121361,0,No news
465,173.319,175.046,170.844,175.794,4.94973,0.000138441,-0.0100539,0,No news
466,171.171,173.319,168.702,173.639,4.93698,0.000132897,-0.0126046,0,No news
467,168.167,171.171,165.712,170.622,4.91079,0.000136998,-0.0178413,0,No news
468,166.928,168.167,164.447,169.409,4.96233,0.000138714,-0.00753389,0,No news
469,170.486,166.928,167.934,173.038,5.10474,0.000142998,0.0209478,0,No news
470,171.263,170.486,168.752,173.774,5.02204,0.000141248,0.00440782,0,No news
471,171.779,171.263,169.271,174.286,5.01434,0.000135793,0.0028678,0,No news
472,168.633,171.779,166.179,171.086,4.90689,0.000138426,-0.0186227,0,No news
473,171.394,168.633,168.854,173.935,5.08052,0.000141193,0.0161043,0,No news
474,172.044,171.394,169.535,174.553,5.01819,0.000145365,0.00363729,0,No news
475,172.591,172.044,170.083,175.098,5.01516,0.000141978,0.0030315,0,No news
476,173.836,172.591,171.318,176.353,5.03523,0.000140656,0.00704624,0,No news
477,188.926,173.836,186.343,191.509,5.16609,2.50107e-05,0.0332175,0.05,"Global macro uncertainty rises"
478,189.844,188.926,187.332,192.356,5.02406,3.77452e-05,0.0048127,0,No news
479,182.548,189.844,180.147,184.95,4.80376,5.90043e-05,-0.0392471,0,No news
480,183.564,182.548,181.05,186.077,5.02699,0.000149077,0.00539757,0,No news
481,188.29,183.564,185.726,190.853,5.12638,0.000143862,0.025275,0,No news
482,189.809,188.29,187.289,192.328,5.03948,0.000139455,0.00789624,0,No news
483,186.691,189.809,184.233,189.149,4.91649,0.000138928,-0.0167016,0,No news
484,189.352,186.691,186.817,191.887,5.07006,0.000139451,0.0140126,0,No news
485,186.683,189.352,184.219,189.147,4.92835,0.00013636,-0.01433,0,No news
486,187.829,186.683,185.314,190.344,5.02994,0.000134211,0.00598752,0,No news
487,187.795,187.829,185.295,190.294,4.99841,0.00013298,-0.000318658,0,No news
488,189.351,187.795,186.83,191.871,5.04061,0.000130584,0.00812174,0,No news
489,190.364,189.351,187.851,192.877,5.02603,0.000132942,0.00520672,0,No news
490,187.194,190.364,184.737,189.652,4.91537,0.000133647,-0.0169265,0,No news
491,183.969,187.194,181.513,186.425,4.91242,0.000135668,-0.0175168,0,No news
492,184.748,183.969,182.238,187.259,5.02048,0.000132186,0.00409587,0,No news
493,187.788,184.748,185.248,190.329,5.08093,0.000133493,0.0161865,0,No news
494,184.77,187.788,182.311,187.229,4.91832,0.000133272,-0.016336,0,No news
495,188.228,184.77,185.682,190.774,5.09204,0.000134867,0.018408,0,No news
496,188.828,188.228,186.32,191.335,5.01522,0.000137245,0.0030441,0,No news
497,190.116,188.828,187.599,192.632,5.03331,0.000134649,0.00666218,0,No news
498,187.461,190.116,184.996,189.925,4.92906,0.000125664,-0.0141888,0,No news
499,184.954,187.461,182.488,187.42,4.93203,0.000129723,-0.0135934,0,No news
500,187.357,184.954,184.825,189.889,5.0639,0.000130836,0.0127809,0,No news
501,182.518,187.357,179.958,185.077,5.1195,-7.16861e-05,0.0239005,-0.05,"Global macro uncertainty rises"
502,167.562,182.518,165.15,169.974,4.82444,-0.000382153,-0.0351116,-0.05,"Global macro uncertainty rises"
503,159.976,167.562,157.591,162.361,4.77002,-0.000334267,-0.0459956,0,No news
504,159.428,159.976,156.937,161.92,4.98306,-4.1865e-05,-0.00338805,0,No news
505,160.853,159.428,158.331,163.375,5.04381,0.000138308,0.0087612,0,No news
506,161.581,160.853,159.07,164.092,5.02186,0.000141192,0.00437179,0,No news
507,165.035,161.581,162.483,167.588,5.10509,0.000135514,0.0210178,0,No news
508,166.825,165.035,164.299,169.352,5.05326,0.000136643,0.0106512,0,No news
509,163.968,166.825,161.511,166.424,4.91296,0.000131705,-0.0174076,0,No news
510,168.188,163.968,165.625,170.751,5.1264,0.00013358,0.0252794,0,No news
511,162.739,168.188,160.322,165.157,4.83466,0.000134679,-0.0330682,0,No news
512,164.834,162.739,162.302,167.365,5.06326,0.000135132,0.012652,0,No news
513,166.188,164.834,163.668,168.708,5.04024,0.000135133,0.00804777,0,No news
514,165.53,166.188,163.041,168.02,4.97951,0.000131789,-0.00409716,0,No news
515,165.842,165.53,163.337,168.346,5.00873,0.000133688,0.00174579,0,No news
516,165.966,165.842,163.465,168.468,5.00309,0.000133073,0.000618178,0,No news
517,164.571,165.966,162.092,167.049,4.95711,0.000132755,-0.00857784,0,No news
518,158.629,164.571,156.095,161.162,5.06657,-8.8083e-05,0.0133136,-0.05,"Global macro uncertainty rises"
519,164.677,158.629,162.208,167.146,4.93859,-0.000299527,-0.012281,0.05,"Global macro uncertainty rises"
520,161.868,164.677,159.41,164.326,4.91549,-0.000301936,-0.0169024,0,No news
521,161.632,161.868,159.135,164.128,4.9927,-4.68539e-07,-0.00146093,0,No news
522,160.907,161.632,158.418,163.395,4.97686,0.00013174,-0.00462722,0,No news
523,157.367,160.907,154.923,159.811,4.88808,0.000138815,-0.0223849,0,No news
524,157.855,157.367,155.348,160.363,5.01482,0.000136793,0.00296308,0,No news
525,158.115,157.855,155.611,160.619,5.00756,0.000135273,0.00151113,0,No news
526,159.878,158.115,157.351,162.405,5.05476,0.000134535,0.0109528,0,No news
527,161.815,159.878,159.285,164.345,5.05954,0.000132966,0.0119089,0,No news
528,161.279,161.815,158.787,163.77,4.98274,0.000132371,-0.00345222,0,No news
529,159.749,161.279,157.273,162.225,4.9517,0.000131691,-0.00965936,0,No news
530,160.095,159.749,157.59,162.6,5.01015,0.00013309,0.00202964,0,No news
531,159.921,160.095,157.424,162.418,4.99389,0.000132521,-0.00122165,0,No news
532,161.071,159.921,158.553,163.588,5.03513,0.000137469,0.00702615,0,No news
533,164.113,161.071,161.566,166.659,5.09288,0.000134556,0.0185754,0,No news
534,164.137,164.113,161.637,166.637,5.00008,0.000132998,1.67205e-05,0,No news
535,166.905,164.137,164.364,169.447,5.08293,0.00013662,0.0165866,0,No news
536,167.29,166.905,164.784,169.795,5.01082,0.000135772,0.0021644,0,No news
537,166.722,167.29,164.231,169.214,4.98234,0.000136688,-0.00353289,0,No news
538,164.827,166.722,162.356,167.298,4.94216,0.000134279,-0.0115683,0,No news
539,167.617,164.827,165.076,170.159,5.08329,0.000128375,0.0166586,0,No news
540,165.95,167.617,163.475,168.425,4.94937,0.000129714,-0.0101259,0,No news
541,163.686,165.95,161.221,166.152,4.93064,0.000136977,-0.0138716,0,No news
542,164.293,163.686,161.784,166.802,5.01784,0.000134425,0.00356734,0,No news
543,160.875,164.293,158.427,163.322,4.89419,0.000132678,-0.0211614,0,No news
544,163.41,160.875,160.871,165.949,5.07752,0.000134124,0.0155038,0,No news
545,161.098,163.41,158.634,163.562,4.92807,0.00013449,-0.0143857,0,No news
546,159.726,161.098,157.247,162.204,4.95655,0.000134911,-0.00868907,0,No news
547,159.784,159.726,157.284,162.285,5.00117,0.000133744,0.000233655,0,No news
548,157.575,159.784,155.11,160.04,4.92972,0.000131808,-0.0140568,0,No news
549,159.567,157.575,157.036,162.098,5.06214,0.000133454,0.012429,0,No news
550,157.842,159.567,155.37,160.315,4.94498,0.000138248,-0.0110036,0,No news
551,158.364,157.842,155.856,160.872,5.01581,0.00013758,0.0031627,0,No news
552,162.409,158.364,159.921,164.897,4.97578,6.68953e-05,-0.00484439,0.03,"Rumor: firm exploring strategic options"
553,164.875,162.409,162.338,167.413,5.07504,6.22405e-05,0.0150082,0,No news
554,165.543,164.875,163.033,168.053,5.01949,0.000141153,0.00389872,0,No news
555,165.351,165.543,162.854,167.848,4.99352,0.000135965,-0.00129517,0,No news
556,163.369,165.351,160.899,165.838,4.939,0.000139731,-0.0121995,0,No news
557,165.227,163.369,162.699,167.755,5.05584,0.0001403,0.0111673,0,No news
558,165.587,165.227,163.082,168.092,5.01019,0.000140459,0.00203727,0,No news
559,167.321,165.587,164.795,169.847,5.05137,0.000143809,0.0102738,0,No news
560,166.496,167.321,164.009,168.983,4.97455,0.000147535,-0.00508907,0,No news
561,163.064,166.496,160.617,165.512,4.89513,0.000145533,-0.0209735,0,No news
562,161.346,163.064,158.872,163.819,4.9463,0.000144987,-0.0107408,0,No news
563,160.783,161.346,158.292,163.274,4.9818,0.000144953,-0.00364032,0,No news
564,160.111,160.783,157.622,162.6,4.97838,0.000137896,-0.00432495,0,No news
565,161.224,160.111,158.707,163.741,5.03398,0.000131366,0.00679685,0,No news
566,161.851,161.224,159.342,164.36,5.01873,0.000134281,0.00374654,0,No news
567,162.314,161.851,159.807,164.82,5.01359,0.000135386,0.00271879,0,No news
568,165.382,162.314,162.836,167.929,5.09296,0.000137908,0.0185927,0,No news
569,165.464,165.382,162.963,167.965,5.00179,0.000134682,0.000358809,0,No news
570,165.631,165.464,163.129,168.133,5.00439,0.00012841,0.0008789,0,No news
571,165.729,165.631,163.227,168.23,5.00233,0.000124286,0.000466344,0,No news
572,165.583,165.729,163.086,168.081,4.99499,0.000122796,-0.00100151,0,No news
573,161.228,165.583,158.72,163.736,5.01682,-1.58813e-05,0.00336301,-0.03,"Rumor: firm exploring strategic options"
574,159.978,161.228,157.498,162.459,4.96114,-9.21108e-06,-0.00777251,0,No news
575,160.442,159.978,157.935,162.949,5.01383,0.000125912,0.0027661,0,No news
576,162.742,160.442,160.207,165.278,5.07056,0.000126055,0.0141113,0,No news
577,162.37,162.742,159.876,164.864,4.98793,0.000122837,-0.00241372,0,No news
578,166.307,162.37,163.747,168.866,5.11919,0.000117421,0.0238385,0,No news
579,168.211,166.307,165.683,170.74,5.05632,0.000125435,0.0112632,0,No news
580,169.838,168.211,167.315,172.362,5.04749,0.000128075,0.00949741,0,No news
581,168.044,169.838,165.571,170.518,4.94629,0.0001234,-0.0107418,0,No news
582,169.712,168.044,167.188,172.236,5.04872,0.000130403,0.00974347,0,No news
583,166.452,169.712,164.001,168.903,4.90237,0.00012993,-0.0195262,0,No news
584,167.776,166.452,165.257,170.296,5.03902,0.000120315,0.00780388,0,No news
585,170.733,167.776,168.19,173.277,5.08677,0.000117685,0.0173548,0,No news
586,166.117,170.733,163.611,168.624,5.01307,-2.21086e-05,0.00261351,-0.03,"Rumor: firm exploring strategic options"
587,164.172,166.117,161.701,166.642,4.94113,-8.93716e-06,-0.0117731,0,No news
588,160.884,164.172,158.435,163.333,4.89823,0.000123717,-0.0203541,0,No news
589,159.119,160.884,156.647,161.591,4.94423,0.000126174,-0.0111537,0,No news
590,160.246,159.119,157.729,162.764,5.03466,0.000125662,0.00693228,0,No news
591,162.246,160.246,159.715,164.777,5.0614,0.000122843,0.0122794,0,No news
592,163.524,162.246,161.004,166.043,5.03863,0.000117465,0.00772647,0,No news
593,163.802,163.524,161.298,166.306,5.00796,0.000109756,0.00159128,0,No news
594,165.145,163.802,162.625,167.665,5.04026,0.000110515,0.00805217,0,No news
595,169.248,165.145,166.687,171.809,5.12216,0.000111449,0.0244319,0,No news
596,170.995,169.248,168.469,173.52,5.0508,0.000106721,0.0101602,0,No news
597,170.069,170.995,167.583,172.555,4.97233,0.000106194,-0.00553385,0,No news
598,167.462,170.069,165.001,169.923,4.92224,0.000103205,-0.015553,0,No news
599,167.054,167.462,164.56,169.547,4.98732,9.64561e-05,-0.00253662,0,No news
600,164.899,167.054,162.432,167.367,4.93463,9.51178e-05,-0.0130739,0,No news
601,163.826,164.899,161.342,166.309,4.96688,9.18583e-05,-0.00662383,0,No news
602,161.845,163.826,159.3,164.39,5.08968,-0.000101799,0.0179351,-0.03,"Rumor: firm exploring strategic options"
603,157.639,161.845,155.205,160.074,4.86883,-9.402e-05,-0.0262334,0,No news
604,157.196,157.639,154.704,159.689,4.98551,8.48154e-05,-0.00289852,0,No news
605,158.369,157.196,155.851,160.888,5.03675,8.37884e-05,0.0073504,0,No news
606,159.468,158.369,156.951,161.985,5.03411,8.97314e-05,0.00682119,0,No news
607,157.973,159.468,155.497,160.449,4.95247,8.93116e-05,-0.00950602,0,No news
608,159.373,157.973,156.851,161.895,5.04364,9.46662e-05,0.00872755,0,No news
609,159.808,159.373,157.301,162.314,5.01318,8.95267e-05,0.00263548,0,No news
610,157.424,159.808,154.962,159.887,4.92439,9.61318e-05,-0.0151225,0,No news
611,160.968,157.424,158.412,163.523,5.1108,9.81073e-05,0.0221608,0,No news
612,159.925,160.968,157.441,162.408,4.967,9.92425e-05,-0.00659901,0,No news
613,158.525,159.925,156.047,161.002,4.9555,0.000106563,-0.00890044,0,No news
614,156.463,158.525,153.996,158.93,4.93398,0.000111784,-0.0132046,0,No news
615,155.654,156.463,153.167,158.141,4.97353,0.000111319,-0.00529458,0,No news
616,157.991,155.654,155.454,160.528,5.07401,0.000104144,0.0148019,0,No news
617,156.059,157.991,153.59,158.528,4.93795,0.000106794,-0.0124105,0,No news
618,159.737,156.059,157.179,162.295,5.11595,0.00010084,0.0231899,0,No news
619,159.952,159.737,157.448,162.455,5.00616,0.00011029,0.00123275,0,No news
620,161.345,159.952,158.824,163.867,5.04282,0.000111373,0.00856442,0,No news
621,160.287,161.345,157.804,162.771,4.96659,0.000103147,-0.00668159,0,No news
622,161.531,160.287,159.012,164.05,5.03807,0.00011193,0.00761491,0,No news
623,160.882,161.531,158.393,163.372,4.97936,0.000106109,-0.00412718,0,No news
624,159.963,160.882,157.477,162.448,4.97079,0.000109136,-0.00584283,0,No news
625,158.992,159.963,156.507,161.476,4.96903,0.000105556,-0.00619325,0,No news
626,159.069,158.992,156.568,161.57,5.00191,0.000104174,0.000381697,0,No news
627,160.622,159.069,158.098,163.146,5.04805,0.000104535,0.00960936,0,No news
628,159.704,160.622,157.219,162.19,4.97083,0.000106624,-0.00583404,0,No news
629,157.561,159.704,155.095,160.027,4.93191,0.000103224,-0.0136173,0,No news
630,154.916,157.561,152.458,157.373,4.91482,0.000107046,-0.0170368,0,No news
631,146.928,154.916,144.435,149.421,4.98622,-0.000184157,-0.00275587,-0.05,"Global macro uncertainty rises"
632,150.124,146.928,147.57,152.678,5.10842,-0.000163755,0.0216835,0,No news
633,146.857,150.124,144.412,149.303,4.89078,-0.000155247,-0.0218434,0,No news
634,149.752,146.857,147.204,152.301,5.09704,0.000112282,0.019408,0,No news
635,150.894,149.752,148.375,153.412,5.03739,0.000113939,0.00747826,0,No news
636,151.798,150.894,149.283,154.312,5.02931,0.000110968,0.00586211,0,No news
637,150.358,151.798,147.882,152.834,4.95184,0.000105627,-0.00963266,0,No news
638,148.265,150.358,145.801,150.73,4.92936,0.000110083,-0.0141282,0,No news
639,146.433,148.265,143.965,148.902,4.93729,0.00011072,-0.012542,0,No news
640,142.332,146.433,139.828,144.836,5.00818,-4.74155e-05,0.00163675,-0.03,"Rumor: firm exploring strategic options"
641,143.228,142.332,140.712,145.744,5.03169,-5.83735e-05,0.00633792,0,No news
642,144.039,143.228,141.525,146.553,5.02767,0.000107665,0.00553496,0,No news
643,143.983,144.039,141.484,146.481,4.99749,0.000112017,-0.000501359,0,No news
644,144.245,143.983,141.741,146.75,5.00856,0.000110722,0.00171257,0,No news
645,146.603,144.245,144.137,149.068,4.93111,-1.06028e-05,-0.0137789,0.03,"Rumor: firm exploring strategic options"
646,152.588,146.603,149.987,155.188,5.20017,-2.31042e-05,0.0400345,0,No news
647,150.171,152.588,147.711,152.631,4.91962,0.000110971,-0.0160755,0,No news
648,149.678,150.171,147.187,152.17,4.98302,0.000110824,-0.00339558,0,No news
649,150.15,149.678,147.642,152.657,5.0152,0.000102774,0.00303969,0,No news
650,145.838,150.15,143.411,148.265,4.85383,9.66486e-05,-0.0292335,0,No news
651,144.344,145.838,141.87,146.818,4.94805,9.29961e-05,-0.0103894,0,No news
652,143.846,144.344,141.355,146.338,4.98226,9.63543e-05,-0.00354828,0,No news
653,144.745,143.846,142.23,147.261,5.03063,0.000102701,0.00612619,0,No news
654,145.296,144.745,142.787,147.806,5.01849,0.000101904,0.00369822,0,No news
655,148.463,145.296,145.91,151.017,5.10732,9.80208e-05,0.0214642,0,No news
656,149.477,148.463,146.961,151.994,5.03354,9.96749e-05,0.00670802,0,No news
657,150.293,149.477,147.779,152.806,5.0267,9.84112e-05,0.00534032,0,No news
658,153.756,150.293,151.199,156.313,5.11343,9.66926e-05,0.0226857,0,No news
659,150.495,153.756,148.049,152.941,4.89232,9.87851e-05,-0.0215369,0,No news
660,152.102,150.495,149.576,154.628,5.0526,0.000101901,0.010521,0,No news
661,151.132,152.102,148.648,153.616,4.96751,0.000101835,-0.00649872,0,No news
662,151.602,151.132,149.095,154.11,5.015,0.000106525,0.00299984,0,No news
663,152.257,151.602,149.747,154.768,5.02104,0.000103787,0.00420784,0,No news
664,152.579,152.257,150.074,155.084,5.01003,0.000104917,0.00200524,0,No news
665,152.993,152.579,150.486,155.499,5.01301,0.000104345,0.00260194,0,No news
666,153.413,152.993,150.906,155.919,5.01316,0.000109426,0.00263247,0,No news
667,155.552,153.413,153.017,158.086,5.06868,0.0001113,0.0137356,0,No news
668,157.299,155.552,154.771,159.827,5.0553,0.00011078,0.0110607,0,No news
669,156.768,157.299,154.277,159.26,4.98254,0.000112066,-0.00349182,0,No news
670,157.719,156.768,155.204,160.234,5.02969,0.000105804,0.00593829,0,No news
671,159.641,157.719,157.111,162.171,5.06002,0.000108876,0.0120032,0,No news
672,160.135,159.641,157.628,162.643,5.01491,0.000111142,0.00298178,0,No news
673,157.022,160.135,154.572,159.473,4.90133,0.000103366,-0.0197337,0,No news
674,166.823,157.022,164.297,169.35,5.05325,-0.000102144,0.0106502,0.05,"Global macro uncertainty rises"
675,161.399,166.823,158.982,163.817,4.8353,-0.000114056,-0.0329407,0,No news
676,165.957,161.399,163.387,168.527,5.1397,-8.99598e-05,0.0279392,0,No news
677,164.307,165.957,161.833,166.782,4.94949,0.000110606,-0.0101017,0,No news
678,164.482,164.307,161.98,166.984,5.00479,0.00010405,0.000957554,0,No news
679,164.093,164.482,161.599,166.586,4.98763,0.000103755,-0.0024739,0,No news
680,165.6,164.093,163.077,168.123,5.04517,0.00010902,0.00903481,0,No news
681,165.995,165.6,163.49,168.501,5.01138,0.000107321,0.00227692,0,No news
682,165.361,165.995,162.871,167.851,4.98033,0.000107848,-0.00393415,0,No news
683,165.058,165.361,162.563,167.553,4.99029,0.000103974,-0.00194183,0,No news
684,166.279,165.058,163.761,168.798,5.03635,0.000104286,0.00727041,0,No news
685,170.104,166.279,167.547,172.66,5.11318,0.000103421,0.0226362,0,No news
686,170.799,170.104,168.289,173.309,5.01983,0.000110948,0.0039666,0,No news
687,168.739,170.799,166.269,171.208,4.93876,0.000113895,-0.0122484,0,No news
688,174.075,168.739,171.572,176.577,5.00562,6.73325e-06,0.00112464,0.03,"Rumor: firm exploring strategic options"
689,168.715,174.075,166.293,171.137,4.84361,5.78431e-06,-0.0312778,0,No news
690,169.339,168.715,166.83,171.848,5.01787,0.000117629,0.00357459,0,No news
691,167.029,169.339,164.563,169.494,4.9307,0.000121131,-0.0138594,0,No news
692,165.757,167.029,163.276,168.238,4.96114,0.00012974,-0.00777226,0,No news
693,163.937,165.757,161.465,166.409,4.94414,0.000133943,-0.0111727,0,No news
694,162.855,163.937,160.372,165.338,4.96621,0.000134935,-0.00675854,0,No news
695,159.165,162.855,156.723,161.607,4.88471,0.000139029,-0.0230585,0,No news
696,160.51,159.165,157.989,163.03,5.04137,0.000138009,0.0082745,0,No news
697,160.069,160.51,157.576,162.562,4.98556,0.000139397,-0.00288745,0,No news
698,162.861,160.069,160.318,165.404,5.08575,0.000139409,0.0171505,0,No news
699,162.186,162.861,159.697,164.675,4.97851,0.000144672,-0.00429716,0,No news
700,162.789,162.186,160.28,165.297,5.0178,0.000150166,0.00355908,0,No news
701,163.137,162.789,160.632,165.641,5.00992,0.000150628,0.00198443,0,No news
702,164.756,163.137,162.232,167.281,5.04866,0.000150173,0.00973109,0,No news
703,166.154,164.756,163.633,168.675,5.04148,0.000148512,0.00829682,0,No news
704,168.104,166.154,165.575,170.633,5.05759,0.000151826,0.0115172,0,No news
705,167.08,168.104,164.595,169.564,4.96867,0.000154013,-0.00626528,0,No news
706,167.586,167.08,165.079,170.093,5.01435,0.000153222,0.00287031,0,No news
707,167.346,167.586,164.85,169.842,4.99206,0.000156391,-0.00158855,0,No news
708,165.02,167.346,162.556,167.485,4.92927,0.000151999,-0.0141469,0,No news
709,164.642,165.02,162.148,167.136,4.98779,0.000147401,-0.00244132,0,No news
710,162.574,164.642,160.106,165.042,4.93602,0.000154584,-0.012796,0,No news
711,161.683,162.574,159.197,164.169,4.97174,0.000157395,-0.00565114,0,No news
712,157.812,161.683,155.373,160.251,4.87804,0.000157708,-0.0243927,0,No news
713,156.332,157.812,153.856,158.808,4.9521,0.00015719,-0.00958013,0,No news
714,155.954,156.332,153.461,158.448,4.98714,0.000153133,-0.00257106,0,No news
715,157.686,155.954,155.159,160.214,5.05447,0.00015028,0.0108941,0,No news
716,156.805,157.686,154.32,159.291,4.97125,0.000146893,-0.00574952,0,No news
717,156.477,156.805,153.983,158.972,4.98879,0.000148746,-0.00224221,0,No news
718,155.69,156.477,153.203,158.177,4.97404,0.000146748,-0.00519129,0,No news
719,156.145,155.69,153.638,158.652,5.01385,0.000147148,0.00277033,0,No news
720,154.688,156.145,152.212,157.164,4.95237,0.000150011,-0.00952506,0,No news
721,154.672,154.688,152.173,157.171,4.99874,0.000150518,-0.000252717,0,No news
722,155.73,154.672,153.213,158.247,5.03333,0.000149189,0.00666649,0,No news
723,154.547,155.73,152.067,157.028,4.96113,0.000152581,-0.00777495,0,No news
724,156.608,154.547,154.075,159.141,5.06544,0.000155478,0.0130885,0,No news
725,156.656,156.608,154.155,159.156,5.00074,0.000155844,0.000148825,0,No news
726,155.647,156.656,153.163,158.13,4.96692,0.000155692,-0.0066153,0,No news
727,156.294,155.647,153.784,158.804,5.02001,0.000151032,0.00400114,0,No news
728,154.643,156.294,152.17,157.116,4.94615,0.000150928,-0.0107709,0,No news
729,154.22,154.643,151.727,156.713,4.98552,0.000154444,-0.00289676,0,No news
730,152.744,154.22,150.268,155.22,4.95114,0.000156503,-0.00977273,0,No news
731,152.47,152.744,149.974,154.965,4.99022,0.000157581,-0.00195581,0,No news
732,151.797,152.47,149.309,154.286,4.97712,0.000157192,-0.00457547,0,No news
733,150.533,151.797,148.054,153.012,4.95738,0.000160037,-0.00852352,0,No news
734,148.844,150.533,146.372,151.315,4.94279,0.000156632,-0.0114426,0,No news
735,149.584,148.844,147.072,152.096,5.02404,0.000155595,0.00480785,0,No news
736,152.065,149.584,149.524,154.605,5.08144,0.000155963,0.0162889,0,No news
737,154.737,152.065,152.194,157.28,5.08634,0.00015451,0.0172687,0,No news
738,153.865,154.737,151.38,156.351,4.97095,0.000156427,-0.00580924,0,No news
739,153.514,153.865,151.02,156.008,4.98781,0.000154906,-0.00243898,0,No news
740,154.055,153.514,151.547,156.563,5.01684,0.000149829,0.00336826,0,No news
741,154.615,154.055,152.181,157.049,4.86763,0.000102088,-0.0264734,0.03,"Rumor: firm exploring strategic options"
742,154.422,154.615,151.925,156.918,4.99323,0.00010273,-0.00135469,0,No news
743,156.25,154.422,153.721,158.779,5.0581,0.000152359,0.0116193,0,No news
744,155.377,156.25,152.892,157.863,4.97124,0.000149057,-0.0057516,0,No news
745,153.585,155.377,151.114,156.055,4.94122,0.00015304,-0.0117563,0,No news
746,153.086,153.585,150.595,155.578,4.98296,0.00015524,-0.00340775,0,No news
747,151.963,153.086,149.482,154.444,4.96241,0.000154358,-0.00751838,0,No news
748,152.508,151.963,150,155.017,5.01715,0.000153542,0.00342969,0,No news
749,150.902,152.508,148.429,153.375,4.9463,0.000153129,-0.0107407,0,No news
750,153.991,150.902,151.441,156.541,5.10055,0.000151733,0.0201098,0,No news
751,149.648,153.991,147.22,152.076,4.85622,0.000150999,-0.0287569,0,No news
752,148.609,149.648,146.127,151.091,4.96442,0.000147135,-0.00711673,0,No news
753,148.817,148.609,146.314,151.32,5.00631,0.000139673,0.00126124,0,No news
754,145.705,148.817,143.258,148.152,4.8936,0.000145304,-0.0212791,0,No news
755,147.475,145.705,144.945,150.005,5.05966,0.000140209,0.0119319,0,No news
756,147.513,147.475,145.012,150.013,5.00063,0.000132421,0.000125505,0,No news
757,146.886,147.513,144.397,149.375,4.97805,0.00013265,-0.00438918,0,No news
758,146.258,146.886,143.769,148.747,4.97791,0.000135031,-0.00441835,0,No news
759,144.887,146.258,142.411,147.363,4.95221,0.000134281,-0.00955749,0,No news
760,145.157,144.887,142.653,147.662,5.00863,0.00014012,0.00172627,0,No news
761,141.649,145.157,139.286,144.013,4.7273,7.65238e-05,-0.0545401,0.03,"Rumor: firm exploring strategic options"
762,138.999,141.649,136.546,141.451,4.9052,7.18497e-05,-0.0189607,0,No news
763,139.988,138.999,137.471,142.506,5.03477,0.000138994,0.00695334,0,No news
764,143.902,139.988,141.333,146.471,5.13718,0.000138038,0.0274364,0,No news
765,143.473,143.902,140.981,145.965,4.98437,0.000138538,-0.00312577,0,No news
766,143.404,143.473,140.905,145.902,4.99691,0.00013618,-0.000618591,0,No news
767,141.341,143.404,138.878,143.805,4.92692,0.00013206,-0.0146164,0,No news
768,142.57,141.341,140.049,145.091,5.04259,0.000136549,0.00851832,0,No news
769,143.527,142.57,141.011,146.044,5.03275,0.000140585,0.00655046,0,No news
770,142.468,143.527,139.987,144.949,4.96226,0.000139346,-0.00754833,0,No news
771,140.568,142.468,138.102,143.035,4.93221,0.000138105,-0.013559,0,No news
772,140.233,140.568,137.739,142.727,4.98735,0.000141535,-0.00252974,0,No news
773,139.799,140.233,137.307,142.29,4.98377,0.000141291,-0.00324543,0,No news
774,140.407,139.799,137.897,142.918,5.02102,0.000139845,0.00420434,0,No news
775,140.275,140.407,137.778,142.772,4.99462,0.000134538,-0.00107698,0,No news
776,141.81,140.275,139.283,144.336,5.05376,0.000130239,0.0107511,0,No news
777,141.603,141.81,139.107,144.099,4.99211,0.000121568,-0.00157764,0,No news
778,143.822,141.603,141.283,146.36,5.07711,0.000123229,0.0154224,0,No news
779,146.14,143.822,143.6,148.68,5.07934,0.000121761,0.0158689,0,No news
780,142.327,146.14,139.894,144.761,4.86722,0.000118969,-0.0265558,0,No news
781,142.909,142.327,140.399,145.419,5.0198,0.000117498,0.00395904,0,No news
782,142.684,142.909,140.189,145.18,4.99156,0.000116994,-0.00168752,0,No news
783,144.239,142.684,141.712,146.766,5.05357,0.000123297,0.0107147,0,No news
784,146.237,144.239,143.703,148.771,5.06817,0.000121875,0.0136338,0,No news
785,147.14,146.237,144.625,149.655,5.03014,0.000127782,0.00602748,0,No news
786,147.409,147.14,144.905,149.913,5.00849,0.000128683,0.00169803,0,No news
787,148.372,147.409,145.856,150.888,5.0319,0.000129537,0.0063802,0,No news
788,146.578,148.372,144.109,149.048,4.93855,0.000130163,-0.0122898,0,No news
789,146.23,146.578,143.737,148.724,4.98746,0.00012987,-0.00250763,0,No news
790,140.904,146.23,138.497,143.311,4.81383,0.000130203,-0.0372333,0,No news
791,135.923,140.904,133.438,138.408,4.97006,-2.46861e-06,-0.00598755,-0.03,"Rumor: firm exploring strategic options"
792,138.245,135.923,135.702,140.787,5.08462,1.02935e-05,0.0169249,0,No news
793,137.736,138.245,135.245,140.226,4.98091,0.000130386,-0.00381794,0,No news
794,138.032,137.736,135.527,140.537,5.01006,0.000134577,0.0020116,0,No news
795,148.027,138.032,145.478,150.577,5.09954,6.1503e-06,0.0199084,0.05,"Global macro uncertainty rises"
796,151.84,148.027,149.276,154.403,5.12707,1.19193e-05,0.0254143,0,No news
797,147.623,151.84,145.193,150.052,4.85908,1.88258e-05,-0.0281835,0,No news
798,147.545,147.623,145.047,150.044,4.99667,0.000141562,-0.000665499,0,No news
799,148.082,147.545,145.573,150.591,5.01744,0.000141803,0.0034886,0,No news
800,149.647,148.082,147.121,152.173,5.05185,0.000142126,0.0103694,0,No news
801,146.556,149.647,144.109,149.004,4.89494,0.000143016,-0.0210125,0,No news
802,143.525,146.556,141.078,145.972,4.89479,0.000143437,-0.0210426,0,No news
803,145.158,143.525,142.63,147.686,5.05587,0.000142557,0.0111738,0,No news
804,147.307,145.158,144.771,149.844,5.07275,0.000145812,0.0145498,0,No news
805,149.21,147.307,146.679,151.742,5.06346,0.000143074,0.0126926,0,No news
806,147.673,149.21,145.199,150.146,4.94749,0.000142465,-0.0105016,0,No news
807,146.698,147.673,144.215,149.181,4.9662,0.000139854,-0.00675948,0,No news
808,146.446,146.698,143.951,148.941,4.9907,0.000139473,-0.00186039,0,No news
809,147.67,146.446,145.149,150.19,5.04093,0.000135587,0.00818657,0,No news
810,144.502,147.67,142.056,146.947,4.89089,0.000135894,-0.0218229,0,No news
811,145.644,144.502,143.124,148.163,5.03866,0.000138134,0.00773226,0,No news
812,143.261,145.644,140.802,145.719,4.91683,0.000137184,-0.0166347,0,No news
813,143.575,143.261,141.07,146.08,5.01026,0.00014334,0.00205187,0,No news
814,142.201,143.575,139.726,144.677,4.95119,0.000146799,-0.0097618,0,No news
815,144.006,142.201,141.475,146.537,5.06234,0.000144643,0.0124673,0,No news
816,143.962,144.006,141.463,146.461,4.99773,0.000147087,-0.0004535,0,No news
817,143.745,143.962,141.249,146.24,4.9917,0.000147342,-0.00165953,0,No news
818,144.87,143.745,142.351,147.39,5.03827,0.000147231,0.00765383,0,No news
819,142.72,144.87,140.258,145.182,4.92447,0.000149375,-0.0151053,0,No news
820,144.372,142.72,141.844,146.901,5.05683,0.000143981,0.0113668,0,No news
821,144.591,144.372,142.088,147.095,5.00684,0.000147567,0.00136775,0,No news
822,145.743,144.591,143.223,148.262,5.03895,0.000144325,0.00779062,0,No news
823,145.502,145.743,143.007,147.998,4.99103,0.000142821,-0.00179493,0,No news
824,145.879,145.502,143.373,148.385,5.01224,0.000136958,0.00244854,0,No news
825,147.294,145.879,144.77,149.818,5.04757,0.000138765,0.00951408,0,No news
826,147.88,147.294,145.37,150.389,5.01915,0.000138456,0.00383045,0,No news
827,148.712,147.88,146.198,151.225,5.02735,0.000137776,0.0054707,0,No news
828,146.441,148.712,143.979,148.902,4.92235,0.000141144,-0.01553,0,No news
829,146.869,146.441,144.362,149.376,5.01392,0.00013623,0.00278335,0,No news
830,143.973,146.869,141.523,146.423,4.89976,0.000133516,-0.0200484,0,No news
831,143.114,143.973,140.629,145.598,4.96942,0.000129657,-0.00611522,0,No news
832,143.029,143.114,140.53,145.527,4.99637,0.000132627,-0.000726917,0,No news
833,143.045,143.029,140.545,145.545,4.9999,0.000136137,-1.93262e-05,0,No news
834,144.761,143.045,142.232,147.29,5.05893,0.000136638,0.0117866,0,No news
835,147.287,144.761,144.745,149.83,5.08585,0.00013125,0.0171706,0,No news
836,145.818,147.287,143.343,148.292,4.94915,0.000139286,-0.0101694,0,No news
837,144.082,145.818,141.612,146.551,4.93939,0.000146841,-0.0121215,0,No news
838,144.693,144.082,142.183,147.203,5.02042,0.000148917,0.00408487,0,No news
839,144.02,144.693,141.532,146.508,4.97593,0.00015055,-0.00481436,0,No news
840,141.639,144.02,139.181,144.097,4.91591,0.000150006,-0.0168185,0,No news
841,140.98,141.639,138.492,143.467,4.9759,0.000152588,-0.00482076,0,No news
842,141.104,140.98,138.602,143.606,5.00366,0.000153212,0.000731672,0,No news
843,142.41,141.104,139.888,144.933,5.04532,0.000148624,0.00906414,0,No news
844,142.07,142.41,139.576,144.564,4.98728,0.000151031,-0.00254396,0,No news
845,141.39,142.07,138.902,143.877,4.97525,0.000152052,-0.00495085,0,No news
846,138.88,141.39,136.425,141.334,4.90968,0.000151239,-0.0180645,0,No news
847,141.27,138.88,138.728,143.812,5.08458,0.000148524,0.0169166,0,No news
848,140.887,141.27,138.394,143.38,4.98567,0.000149388,-0.00286529,0,No news
849,142.344,140.887,139.819,144.87,5.05071,0.000148915,0.0101426,0,No news
850,143.681,142.344,141.158,146.204,5.04598,0.000149944,0.00919535,0,No news
851,147.135,143.681,144.576,149.694,5.11805,0.000148435,0.0236108,0,No news
852,144.309,147.135,141.858,146.76,4.90226,0.000149483,-0.0195474,0,No news
853,144.347,144.309,141.847,146.847,5.00056,0.000153863,0.000112594,0,No news
854,143.452,144.347,140.968,145.936,4.96815,0.000150771,-0.00636934,0,No news
855,144.429,143.452,141.912,146.946,5.03317,0.000151496,0.00663392,0,No news
856,143.625,144.429,141.14,146.111,4.97133,0.000154411,-0.00573431,0,No news
857,145.181,143.625,142.655,147.708,5.05309,0.000157809,0.0106176,0,No news
858,143.042,145.181,140.58,145.505,4.92501,0.000153331,-0.0149972,0,No news
859,144.979,143.042,142.446,147.512,5.06649,0.000153772,0.013297,0,No news
860,144.324,144.979,141.836,146.812,4.97658,0.000152594,-0.00468336,0,No news
861,145.866,144.324,143.34,148.392,5.05237,0.000157153,0.0104734,0,No news
862,143.926,145.866,141.46,146.392,4.93227,0.00015613,-0.0135454,0,No news
863,141.761,143.926,139.299,144.222,4.92343,0.00015263,-0.0153143,0,No news
864,141.426,141.761,138.933,143.92,4.98743,0.000153308,-0.00251326,0,No news
865,141.078,141.426,138.585,143.572,4.98694,0.000148354,-0.00261198,0,No news
866,139.204,141.078,136.738,141.67,4.93239,0.000149203,-0.0135226,0,No news
867,138.124,139.204,135.644,140.604,4.96029,0.000151202,-0.00794175,0,No news
868,138.153,138.124,135.653,140.654,5.0003,0.000153531,5.95414e-05,0,No news
869,131.29,138.153,128.843,133.738,4.89482,8.15571e-05,-0.0210366,-0.03,"Rumor: firm exploring strategic options"
870,131.522,131.29,129.018,134.026,5.00841,8.23699e-05,0.00168192,0,No news
871,131.497,131.522,128.998,133.996,4.99825,0.000161482,-0.000350598,0,No news
872,131.498,131.497,128.998,133.997,4.99922,0.000162594,-0.00015662,0,No news
873,132.003,131.498,129.494,134.512,5.01836,0.000161441,0.00367294,0,No news
874,133.041,132.003,130.522,135.56,5.03834,0.000163296,0.00766894,0,No news
875,134.452,133.041,131.926,136.978,5.05193,0.000162893,0.0103857,0,No news
876,132.762,134.452,130.294,135.23,4.93596,0.000159001,-0.0128089,0,No news
877,133.716,132.762,131.199,136.234,5.03501,0.000161381,0.00700145,0,No news
878,135.282,133.716,132.753,137.81,5.05738,0.000165769,0.0114752,0,No news
879,135.926,135.282,133.414,138.437,5.02292,0.000166649,0.00458321,0,No news
880,134.455,135.926,131.983,136.928,4.94478,0.000166952,-0.0110448,0,No news
881,137.569,134.455,135.012,140.126,5.11365,0.000164272,0.0227301,0,No news
882,137.233,137.569,134.74,139.727,4.98695,0.000165611,-0.00261098,0,No news
883,138.611,137.233,136.086,141.135,5.04908,0.000172032,0.00981698,0,No news
884,136.832,138.611,134.365,139.299,4.93457,0.000169914,-0.0130864,0,No news
885,135.028,136.832,132.562,137.494,4.93277,0.000174622,-0.0134456,0,No news
886,135.768,135.028,133.254,138.281,5.02645,0.000173208,0.00528937,0,No news
887,136.254,135.768,133.745,138.762,5.01699,0.000175239,0.00339887,0,No news
888,135.935,136.254,133.441,138.429,4.98741,0.000174906,-0.00251825,0,No news
889,134.79,135.935,132.312,137.269,4.95686,0.000172772,-0.00862859,0,No news
890,134.077,134.79,131.59,136.563,4.9726,0.000170128,-0.00547936,0,No news
891,133.014,134.077,130.534,135.493,4.95938,0.000165761,-0.00812388,0,No news
892,133.098,133.014,130.597,135.599,5.00233,0.000166662,0.00046687,0,No news
893,133.643,133.098,131.133,136.153,5.01959,0.000166542,0.0039187,0,No news
894,133.628,133.643,131.128,136.127,4.99859,0.000169704,-0.000282734,0,No news
895,133.114,133.628,130.624,135.604,4.97989,0.000169383,-0.00402117,0,No news
896,131.755,133.114,129.281,134.229,4.94786,0.000168416,-0.0104283,0,No news
897,131.021,131.755,128.536,133.507,4.97122,0.000169218,-0.00575532,0,No news
898,132.481,131.021,129.954,135.008,5.05454,0.000170001,0.0109079,0,No news
899,133.856,132.481,131.331,136.382,5.05081,0.000166424,0.0101616,0,No news
900,134.836,133.856,132.318,137.354,5.03563,0.000167589,0.00712625,0,No news
901,134.907,134.836,132.406,137.408,5.0018,0.000167322,0.000359501,0,No news
902,136.808,134.907,134.273,139.342,5.0691,0.000167525,0.0138208,0,No news
903,137.677,136.808,135.162,140.193,5.03087,0.000164062,0.00617414,0,No news
904,137.745,137.677,135.244,140.246,5.00163,0.000164518,0.000325721,0,No news
905,137.165,137.745,134.676,139.654,4.97809,0.00016314,-0.00438103,0,No news
906,136.093,137.165,133.613,138.573,4.95996,0.000160628,-0.00800848,0,No news
907,133.395,136.093,130.945,135.844,4.89908,0.000159561,-0.0201837,0,No news
908,135.833,133.395,133.288,138.378,5.08975,0.000161089,0.017951,0,No news
909,137.737,135.833,135.203,140.272,5.06883,0.00015823,0.0137651,0,No news
910,137.885,137.737,135.382,140.387,5.00454,0.000160106,0.000908315,0,No news
911,138.708,137.885,136.193,141.222,5.02898,0.000156505,0.00579606,0,No news
912,140.852,138.708,138.314,143.39,5.07593,0.000155041,0.0151866,0,No news
913,140.642,140.852,138.146,143.137,4.99172,0.000158055,-0.00165524,0,No news
914,139.372,140.642,136.895,141.849,4.95384,0.000162879,-0.00923186,0,No news
915,138.278,139.372,135.798,140.757,4.95979,0.000159983,-0.00804233,0,No news
916,140.379,138.278,137.841,142.916,5.07461,0.00015794,0.0149214,0,No news
917,141.055,140.379,138.543,143.566,5.02324,0.000158457,0.00464723,0,No news
918,139.505,141.055,137.033,141.977,4.94398,0.000156352,-0.0112033,0,No news
919,138.276,139.505,135.798,140.753,4.95496,0.000158129,-0.00900885,0,No news
920,139.173,138.276,136.657,141.688,5.03153,0.000159646,0.00630557,0,No news
921,139.153,139.173,136.654,141.652,4.99849,0.000161293,-0.000302888,0,No news
922,140.597,139.153,138.072,143.123,5.05081,0.000164081,0.0101625,0,No news
923,142.369,140.597,139.838,144.9,5.06178,0.000165501,0.0123562,0,No news
924,140.773,142.369,138.301,143.244,4.9428,0.000165357,-0.0114401,0,No news
925,139.593,140.773,137.114,142.072,4.95709,0.000165806,-0.0085825,0,No news
926,139.315,139.593,136.82,141.809,4.98921,0.000164301,-0.00215878,0,No news
927,138.911,139.315,136.418,141.403,4.98465,0.000163888,-0.00306919,0,No news
928,137.838,138.911,135.358,140.318,4.96041,0.000165338,-0.00791868,0,No news
929,137.66,137.838,135.164,140.156,4.99273,0.000163174,-0.00145364,0,No news
930,137.456,137.66,134.961,139.952,4.99178,0.000164013,-0.00164409,0,No news
931,137.134,137.456,134.64,139.628,4.98742,0.000165776,-0.00251547,0,No news
932,136.006,137.134,133.528,138.485,4.9579,0.000165263,-0.00842046,0,No news
933,137.511,136.006,134.984,140.038,5.05417,0.000167516,0.0108346,0,No news
934,136.948,137.511,134.459,139.437,4.97864,0.000168418,-0.00427198,0,No news
935,137.827,136.948,135.312,140.343,5.03114,0.000171617,0.00622746,0,No news
936,137.836,137.827,135.337,140.336,4.99947,0.000174006,-0.000106845,0,No news
937,138.59,137.836,136.077,141.103,5.02638,0.000177628,0.00527511,0,No news
938,139.073,138.59,136.565,141.581,5.01651,0.000175177,0.00330296,0,No news
939,139.838,139.073,137.325,142.352,5.02656,0.000178363,0.00531143,0,No news
940,138.873,139.838,136.391,141.355,4.96446,0.000179986,-0.00710869,0,No news
941,138.565,138.873,136.071,141.059,4.988,0.000180718,-0.00239961,0,No news
942,139.616,138.565,137.097,142.134,5.03687,0.000181657,0.00737308,0,No news
943,138.418,139.616,135.94,140.896,4.95604,0.000177795,-0.0087919,0,No news
944,138.566,138.418,136.064,141.068,5.00443,0.000179172,0.000885526,0,No news
945,138.928,138.566,136.422,141.434,5.01214,0.00017993,0.0024283,0,No news
946,139.617,138.928,137.105,142.129,5.02386,0.000178141,0.00477147,0,No news
947,141.169,139.617,138.642,143.697,5.0544,0.000176907,0.0108808,0,No news
948,147.596,141.169,145.06,150.131,5.07172,0.0001713,0.0143432,0.03,"Rumor: firm exploring strategic options"
949,157.001,147.596,154.472,159.53,5.05815,0.000148212,0.0116307,0.05,"Global macro uncertainty rises"
950,155.519,157.001,153.043,157.995,4.95167,0.000181487,-0.00966672,0,No news
951,152.271,155.519,149.824,154.718,4.89358,0.000177212,-0.0212831,0,No news
952,153.477,152.271,150.958,155.996,5.03854,0.000179695,0.00770897,0,No news
953,153.639,153.477,151.137,156.141,5.00438,0.000179358,0.00087514,0,No news
954,154.281,153.639,151.771,156.791,5.01993,0.00018095,0.00398579,0,No news
955,153.455,154.281,150.969,155.941,4.97227,0.000180303,-0.00554578,0,No news
956,153.339,153.455,150.841,155.836,4.9953,0.000181044,-0.000939096,0,No news
957,152.166,153.339,149.685,154.646,4.96069,0.000181771,-0.00786276,0,No news
958,151.971,152.166,149.475,154.468,4.99271,0.000180483,-0.00145821,0,No news
959,151.473,151.971,148.982,153.964,4.98267,0.00018046,-0.00346501,0,No news
960,151.685,151.473,149.182,154.188,5.0061,0.000179558,0.00122014,0,No news
961,152.188,151.685,149.68,154.696,5.01567,0.000177147,0.0031343,0,No news
962,151.49,152.188,149.002,153.978,4.97612,0.000177568,-0.0047761,0,No news
963,151.229,151.49,148.734,153.724,4.99049,0.000175778,-0.00190125,0,No news
964,151.082,151.229,148.585,153.579,4.99426,0.000176148,-0.00114757,0,No news
965,150.956,151.082,148.458,153.453,4.99494,0.000176992,-0.00101151,0,No news
966,149.855,150.956,147.374,152.336,4.96254,0.000172845,-0.00749286,0,No news
967,151.318,149.855,148.794,153.842,5.04771,0.000174655,0.00954226,0,No news
968,150.883,151.318,148.391,153.376,4.98474,0.00017547,-0.00305242,0,No news
969,153.014,150.883,150.555,155.474,4.91935,0.000153755,-0.0161302,0.03,"Rumor: firm exploring strategic options"
970,153.119,153.014,150.618,155.621,5.00268,0.000148991,0.00053689,0,No news
971,153.659,153.119,151.15,156.167,5.01673,0.000170279,0.00334574,0,No news
972,154.869,153.659,152.35,157.388,5.03838,0.000171753,0.00767574,0,No news
973,155.348,154.869,152.841,157.855,5.01457,0.000173013,0.00291404,0,No news
974,156.993,155.348,154.467,159.519,5.05182,0.000170168,0.0103638,0,No news
975,157.561,156.993,155.053,160.07,5.01721,0.000170806,0.00344134,0,No news
976,160.502,157.561,157.956,163.047,5.09159,0.000171651,0.0183177,0,No news
977,160.631,160.502,158.129,163.132,5.00318,0.000169833,0.000635514,0,No news
978,161.16,160.631,158.652,163.667,5.01559,0.000169094,0.0031174,0,No news
979,160.885,161.16,158.39,163.381,4.99065,0.000168042,-0.00187047,0,No news
980,160.725,160.885,158.228,163.222,4.99418,0.000169013,-0.00116442,0,No news
981,161.599,160.725,159.086,164.112,5.02624,0.000171711,0.00524896,0,No news
982,160.423,161.599,157.942,162.904,4.96262,0.000173534,-0.00747681,0,No news
983,160.304,160.423,157.806,162.802,4.99541,0.000173574,-0.000917126,0,No news
984,159.684,160.304,157.194,162.174,4.97976,0.000173026,-0.00404877,0,No news
985,160.487,159.684,157.975,162.999,5.02423,0.000173908,0.00484527,0,No news
986,161.198,160.487,158.687,163.708,5.02122,0.000172506,0.00424352,0,No news
987,161.422,161.198,158.919,163.925,5.00609,0.000172438,0.00121753,0,No news
988,160.68,161.422,158.192,163.168,4.97612,0.000171921,-0.00477528,0,No news
989,162.373,160.68,159.847,164.899,5.05155,0.000168444,0.010309,0,No news
990,161.848,162.373,159.357,164.34,4.98299,0.000166487,-0.00340293,0,No news
991,163.172,161.848,160.652,165.692,5.03991,0.000165127,0.00798259,0,No news
992,165.363,163.172,162.83,167.896,5.06585,0.000168208,0.0131703,0,No news
993,166.236,165.363,163.723,168.748,5.02545,0.000172326,0.00508943,0,No news
994,166.119,166.236,163.622,168.617,4.99566,0.000168925,-0.000868276,0,No news
995,166.996,166.119,164.483,169.509,5.02547,0.000169298,0.00509477,0,No news
996,166.639,166.996,164.144,169.133,4.98846,0.000164688,-0.00230832,0,No news
997,166.105,166.639,163.613,168.596,4.98312,0.00016669,-0.00337547,0,No news
998,167.252,166.105,164.735,169.768,5.03355,0.000170476,0.00671058,0,No news
999,167.026,167.252,164.53,169.522,4.99238,0.000171683,-0.00152328,0,No news
1000,166.576,167.026,164.084,169.069,4.98568,0.000169557,-0.0028633,0,No news
1001,165.255,166.576,162.775,167.735,4.95934,0.000167723,-0.0081329,0,No news
1002,165.743,165.255,163.236,168.25,5.01391,0.000165323,0.00278142,0,No news
1003,165.946,165.743,163.443,168.449,5.0053,0.000165562,0.00106098,0,No news
1004,174.753,165.946,172.249,177.257,5.0079,0.000131106,0.00157984,0.05,"Global macro uncertainty rises"
1005,171.605,174.753,169.15,174.059,4.90844,0.000132381,-0.0183129,0,No news
1006,171.315,171.605,168.82,173.81,4.99086,0.000138176,-0.00182706,0,No news
1007,168.375,171.315,165.919,170.831,4.91259,0.000172149,-0.0174821,0,No news
1008,159.844,168.375,157.35,162.339,4.98976,5.48749e-05,-0.00204782,-0.05,"Global macro uncertainty rises"
1009,164.372,159.844,161.803,166.942,5.13929,7.35951e-05,0.0278586,0,No news
1010,155.237,164.372,152.755,157.719,4.96454,-8.74271e-05,-0.00709172,-0.05,"Global macro uncertainty rises"
1011,156.082,155.237,153.568,158.595,5.02678,7.05148e-05,0.00535548,0,No news
1012,157.231,156.082,154.712,159.749,5.03632,6.89307e-05,0.00726479,0,No news
1013,158.434,157.231,155.916,160.953,5.03726,0.000175376,0.00745134,0,No news
1014,159.18,158.434,156.669,161.691,5.02259,0.000176385,0.00451849,0,No news
1015,161.923,159.18,159.381,164.466,5.08454,0.000178027,0.0169089,0,No news
1016,165.066,161.923,162.518,167.613,5.09522,0.000176612,0.019045,0,No news
1017,164.46,165.066,161.969,166.95,4.98073,0.000174865,-0.00385313,0,No news
1018,158.368,164.46,155.837,160.898,5.06094,6.71582e-05,0.0121876,-0.05,"Global macro uncertainty rises"
1019,159.757,158.368,157.236,162.279,5.04335,6.41428e-05,0.00867047,0,No news
1020,157.527,159.757,155.062,159.991,4.92941,5.78038e-05,-0.0141177,0,No news
1021,156.663,157.527,154.177,159.149,4.97164,0.000172917,-0.00567142,0,No news
1022,156.439,156.663,153.943,158.935,4.99199,0.000172638,-0.00160232,0,No news
1023,157.302,156.439,154.789,159.816,5.02664,0.000174806,0.00532738,0,No news
1024,157.515,157.302,155.012,160.018,5.00588,0.000174198,0.00117561,0,No news
1025,149.105,157.515,146.617,151.593,4.97529,7.33736e-05,-0.00494182,-0.05,"Global macro uncertainty rises"
1026,150.876,149.105,148.347,153.405,5.05864,7.98543e-05,0.0117277,0,No news
1027,151.273,150.876,148.766,153.779,5.01271,8.50802e-05,0.00254131,0,No news
1028,150.952,151.273,148.458,153.446,4.98852,0.000174538,-0.00229594,0,No news
1029,151.599,150.952,149.088,154.109,5.02051,0.00017241,0.00410124,0,No news
1030,152.102,151.599,149.594,154.61,5.01573,0.000171707,0.00314512,0,No news
1031,152.167,152.102,149.666,154.668,5.00127,0.000171935,0.000253069,0,No news
1032,152.238,152.167,149.737,154.739,5.00147,0.000173185,0.000294477,0,No news
1033,153.328,152.238,150.81,155.845,5.03478,0.000174486,0.00695671,0,No news
1034,153.826,153.328,151.319,156.334,5.01535,0.000178054,0.00306964,0,No news
1035,154.099,153.826,151.595,156.603,5.00798,0.000177379,0.00159565,0,No news
1036,153.827,154.099,151.331,156.322,4.99026,0.000175241,-0.00194779,0,No news
1037,152.045,153.827,149.575,154.516,4.94089,0.000174699,-0.0118214,0,No news
1038,152.954,152.045,150.439,155.468,5.0289,0.000175599,0.00578029,0,No news
1039,153.136,152.954,150.633,155.638,5.00506,0.000178367,0.00101146,0,No news
1040,153.059,153.136,150.561,155.558,4.99661,0.000179702,-0.000678936,0,No news
1041,151.961,153.059,149.479,154.442,4.96307,0.00018088,-0.00738545,0,No news
1042,151.942,151.961,149.443,154.442,4.9985,0.000180159,-0.000299674,0,No news
1043,152.724,151.942,150.212,155.236,5.02476,0.000178981,0.00495262,0,No news
1044,145.531,152.724,143.027,148.035,5.00839,7.96523e-05,0.00167873,-0.05,"Global macro uncertainty rises"
1045,138.831,145.531,136.374,141.288,4.91441,-1.49966e-05,-0.0171184,-0.03,"Rumor: firm exploring strategic options"
1046,139.996,138.831,137.475,142.517,5.04193,-2.77525e-05,0.00838665,0,No news
1047,140.48,139.996,137.972,142.989,5.0164,0.000171221,0.00327969,0,No news
1048,139.321,140.48,136.842,141.8,4.95769,0.000173416,-0.00846174,0,No news
1049,139.166,139.321,136.669,141.662,4.99358,0.000169473,-0.00128362,0,No news
1050,138.036,139.166,135.557,140.515,4.95839,0.00016992,-0.00832124,0,No news
1051,137.974,138.036,135.475,140.472,4.99687,0.000173344,-0.000625372,0,No news
1052,137.999,137.974,135.499,140.499,5.00006,0.000174108,1.20919e-05,0,No news
1053,140.449,137.999,137.905,142.992,5.08711,0.000173925,0.0174218,0,No news
1054,142.011,140.449,139.484,144.538,5.05443,0.000174674,0.0108863,0,No news
1055,142.83,142.011,140.316,145.344,5.02791,0.000170986,0.00558157,0,No news
1056,141.436,142.83,138.961,143.911,4.9501,0.000171541,-0.00998086,0,No news
1057,142.542,141.436,140.023,145.061,5.0381,0.000170436,0.00762088,0,No news
1058,141.483,142.542,139.002,143.964,4.96186,0.000166178,-0.0076275,0,No news
1059,140.448,141.483,137.967,142.93,4.96248,0.000166802,-0.00750481,0,No news
1060,141.197,140.448,138.684,143.71,5.02575,0.00016838,0.00514914,0,No news
1061,144.08,141.197,141.604,146.555,4.95031,0.000145583,-0.00993722,0.03,"Rumor: firm exploring strategic options"
1062,144.911,144.08,142.397,147.425,5.02807,0.000140687,0.00561407,0,No news
1063,144.19,144.911,141.703,146.677,4.97423,0.00016726,-0.00515349,0,No news
1064,144.231,144.19,141.731,146.732,5.0006,0.000163974,0.000120257,0,No news
1065,144.465,144.231,141.961,146.968,5.00729,0.000157485,0.00145814,0,No news
1066,141.661,144.465,139.21,144.111,4.90119,0.000163878,-0.0197622,0,No news
1067,148.6,141.661,146.056,151.145,5.08849,0.000125646,0.0176989,0.03,"Rumor: firm exploring strategic options"
1068,163.151,148.6,160.543,165.76,5.21686,4.48568e-05,0.0433718,0.05,"Global macro uncertainty rises"
1069,163.741,163.151,161.233,166.25,5.01756,9.89583e-05,0.00351224,0,No news
1070,166.266,163.741,163.728,168.804,5.07604,9.35723e-05,0.0152082,0,No news
1071,167.378,166.266,164.861,169.894,5.03254,0.00015289,0.00650877,0,No news
1072,168.487,167.378,165.971,171.003,5.03227,0.00015234,0.00645355,0,No news
1073,165.896,168.487,163.36,168.432,5.07223,5.64744e-05,0.0144455,-0.03,"Rumor: firm exploring strategic options"
1074,162.025,165.896,159.509,164.541,5.03221,-4.92452e-05,0.00644179,-0.03,"Rumor: firm exploring strategic options"
1075,161.858,162.025,159.361,164.355,4.99451,6.514e-05,-0.00109722,0,No news
1076,164.915,161.858,162.368,167.461,5.09278,0.000151765,0.0185566,0,No news
1077,166.05,164.915,163.533,168.567,5.03355,0.00015136,0.00671023,0,No news
1078,166.349,166.05,163.844,168.853,5.00824,0.000146342,0.00164875,0,No news
1079,167.393,166.349,164.878,169.908,5.03055,0.000149178,0.0061105,0,No news
1080,163.906,167.393,161.459,166.353,4.89395,0.000155835,-0.0212092,0,No news
1081,160.383,163.906,157.938,162.828,4.89059,0.000154878,-0.0218812,0,No news
1082,159.866,160.383,157.374,162.357,4.98306,0.000158672,-0.00338865,0,No news
1083,159.686,159.866,157.19,162.183,4.99358,0.000160686,-0.0012839,0,No news
1084,160.056,159.686,157.551,162.561,5.01077,0.000157594,0.00215475,0,No news
1085,161.994,160.056,159.465,164.524,5.05939,0.000159962,0.0118775,0,No news
1086,162.32,161.994,159.816,164.825,5.00923,0.000163821,0.00184555,0,No news
1087,162.669,162.32,160.164,165.173,5.00988,0.00016775,0.00197592,0,No news
1088,164.063,162.669,161.542,166.584,5.04182,0.000168542,0.00836496,0,No news
1089,163.325,164.063,160.837,165.814,4.97665,0.000166772,-0.00467065,0,No news
1090,162.957,163.325,160.463,165.451,4.98786,0.000168705,-0.00242881,0,No news
1091,165.188,162.957,162.654,167.721,5.06717,0.000163988,0.0134343,0,No news
1092,166.275,165.188,163.759,168.791,5.03197,0.000166484,0.00639464,0,No news
1093,165.751,166.275,163.259,168.242,4.98335,0.000170704,-0.00333014,0,No news
1094,167.052,165.751,164.533,169.571,5.03823,0.000172846,0.00764619,0,No news
1095,167.565,167.052,165.058,170.073,5.01448,0.000175679,0.0028951,0,No news
1096,167.397,167.565,164.9,169.894,4.99409,0.000175685,-0.00118288,0,No news
1097,169.58,167.397,167.048,172.112,5.06394,0.000172006,0.0127883,0,No news
1098,169.187,169.58,166.693,171.68,4.98751,0.000172344,-0.00249771,0,No news
1099,169.211,169.187,166.711,171.711,4.99986,0.000175668,-2.87253e-05,0,No news
1100,169.08,169.211,166.582,171.578,4.99526,0.000171337,-0.000947324,0,No news
1101,167.325,169.08,164.852,169.799,4.94699,0.000169632,-0.0106027,0,No news
1102,167.931,167.325,165.423,170.44,5.01722,0.000170672,0.00344473,0,No news
1103,164.602,167.931,162.078,167.127,5.04935,0.000106943,0.00987047,-0.03,"Rumor: firm exploring strategic options"
1104,161.295,164.602,158.846,163.744,4.89795,0.000110557,-0.0204104,0,No news
1105,160.172,161.295,157.69,162.654,4.96423,0.000169216,-0.00715369,0,No news
1106,166.005,160.172,163.49,168.519,5.02813,0.000140383,0.00562656,0.03,"Rumor: firm exploring strategic options"
1107,168.069,166.005,165.539,170.6,5.06105,0.000150521,0.0122108,0,No news
1108,168.164,168.069,165.663,170.665,5.00195,0.000173246,0.000390592,0,No news
1109,170.109,168.164,167.581,172.638,5.05663,0.000174049,0.0113266,0,No news
1110,167.871,170.109,165.405,170.338,4.93292,0.000171014,-0.0134158,0,No news
1111,166.977,167.871,164.491,169.464,4.97249,0.000165505,-0.00550285,0,No news
1112,166.629,166.977,164.135,169.124,4.98876,0.000159927,-0.00224782,0,No news
1113,166.299,166.629,163.805,168.794,4.98929,0.000160877,-0.00214295,0,No news
1114,169.949,166.299,167.395,172.503,5.10775,0.000161976,0.0215498,0,No news
1115,174.428,169.949,171.938,176.917,4.97942,0.000125534,-0.00411655,0.03,"Rumor: firm exploring strategic options"
1116,172.16,174.428,169.693,174.627,4.93396,0.000125039,-0.013208,0,No news
1117,169.914,172.16,167.447,172.381,4.93354,0.000157595,-0.0132915,0,No news
1118,181.476,169.914,178.936,184.015,5.07866,9.70364e-05,0.0157325,0.05,"Global macro uncertainty rises"
1119,183.178,181.476,180.654,185.701,5.04619,9.66617e-05,0.00923706,0,No news
1120,186.482,183.178,183.938,189.027,5.089,8.08636e-05,0.0178005,0,No news
1121,190.201,186.482,187.652,192.749,5.09794,0.000154469,0.0195872,0,No news
1122,190.055,190.201,187.558,192.553,4.9954,0.000156321,-0.000920361,0,No news
1123,189.907,190.055,187.409,192.404,4.99531,0.000156424,-0.000938586,0,No news
1124,187.301,189.907,184.836,189.766,4.93012,0.000159468,-0.0139765,0,No news
1125,186.271,187.301,183.785,188.757,4.97164,0.000158314,-0.00567295,0,No news
1126,186.17,186.271,183.672,188.668,4.99653,0.000152768,-0.000693112,0,No news
1127,188.139,186.17,185.613,190.665,5.05184,0.000153538,0.0103674,0,No news
1128,187.851,188.139,185.355,190.347,4.99158,0.000152346,-0.00168472,0,No news
1129,194.449,187.851,191.863,197.034,5.17182,0.00015428,0.0343641,0,No news
1130,196.494,194.449,193.968,199.02,5.05155,0.000153219,0.0103099,0,No news
1131,195.484,196.494,192.997,197.971,4.97346,0.000156246,-0.00530782,0,No news
1132,198.221,195.484,195.687,200.756,5.06878,0.000149931,0.0137555,0,No news
1133,197.497,198.221,195.006,199.987,4.98094,0.00014852,-0.00381163,0,No news
1134,196.207,197.497,193.723,198.69,4.96649,0.000149271,-0.0067028,0,No news
1135,197.975,196.207,195.453,200.497,5.0441,0.000152835,0.00882046,0,No news
1136,199.426,197.975,196.908,201.944,5.03576,0.000151217,0.0071514,0,No news
1137,199.947,199.426,197.441,202.453,5.01228,0.000152259,0.00245609,0,No news
1138,198.605,199.947,196.122,201.088,4.96556,0.000153574,-0.00688747,0,No news
1139,198.876,198.605,196.373,201.379,5.00607,0.000148481,0.00121424,0,No news
1140,200.6,198.876,198.079,203.121,5.04242,0.00014689,0.00848387,0,No news
1141,201.122,200.6,198.616,203.628,5.01226,0.000146479,0.00245241,0,No news
1142,199.385,201.122,196.907,201.863,4.95588,0.000149927,-0.00882439,0,No news
1143,200.571,199.385,198.057,203.086,5.0289,0.00015284,0.00578034,0,No news
1144,198.889,200.571,196.411,201.368,4.95714,0.000152643,-0.0085729,0,No news
1145,191.101,198.889,188.576,193.626,5.05033,-1.28083e-05,0.0100661,-0.05,"Global macro uncertainty rises"
1146,191.004,191.101,188.505,193.503,4.99748,-5.12996e-06,-0.000503763,0,No news
1147,188.004,191.004,185.544,190.465,4.92091,-1.10502e-05,-0.0158171,0,No news
1148,188.592,188.004,186.085,191.1,5.01486,0.000149654,0.00297263,0,No news
1149,189.018,188.592,186.513,191.523,5.0105,0.00015273,0.00210094,0,No news
1150,187.905,189.018,185.421,190.39,4.96973,0.000151639,-0.00605467,0,No news
1151,186.143,187.905,183.667,188.619,4.95211,0.000153308,-0.0095778,0,No news
1152,186.151,186.143,183.651,188.65,4.99943,0.000154658,-0.000113023,0,No news
1153,183.659,186.151,181.193,186.124,4.93183,0.000156263,-0.0136334,0,No news
1154,183.002,183.659,180.511,185.493,4.9813,0.000158246,-0.00374015,0,No news
1155,184.037,183.002,181.523,186.55,5.02741,0.000155922,0.00548287,0,No news
1156,182.78,184.037,180.297,185.262,4.96497,0.000153475,-0.00700609,0,No news
1157,178.638,182.78,176.196,181.08,4.88463,0.000153068,-0.0230749,0,No news
1158,179.722,178.638,177.207,182.237,5.0295,0.000151789,0.00589912,0,No news
1159,175.21,179.722,172.699,177.721,5.02256,6.198e-05,0.00451131,-0.03,"Rumor: firm exploring strategic options"
1160,173.199,175.21,170.728,175.67,4.94191,7.33872e-05,-0.0116187,0,No news
1161,174.052,173.199,171.54,176.563,5.02378,0.000155126,0.00475696,0,No news
1162,175.379,174.052,172.861,177.898,5.03721,0.00015634,0.00744269,0,No news
1163,174.593,175.379,172.105,177.082,4.97677,0.000155955,-0.00464638,0,No news
1164,173.894,174.593,171.405,176.384,4.97915,0.000156499,-0.00416967,0,No news
1165,175.852,173.894,173.324,178.38,5.05518,0.000159858,0.0110352,0,No news
1166,174.626,175.852,172.144,177.108,4.96421,0.000161427,-0.00715887,0,No news
1167,170.957,174.626,168.511,173.404,4.89301,0.000165466,-0.0213973,0,No news
1168,172.12,170.957,169.604,174.637,5.03308,0.000163661,0.00661625,0,No news
1169,171.924,172.12,169.428,174.421,4.99351,0.00016047,-0.00129831,0,No news
1170,171.202,171.924,168.713,173.691,4.97815,0.000161362,-0.00437058,0,No news
1171,172.863,171.202,170.339,175.387,5.04745,0.000162496,0.0094907,0,No news
1172,173.445,172.863,170.937,175.953,5.016,0.00016258,0.00320057,0,No news
1173,175.392,173.445,172.864,177.919,5.05498,0.000163762,0.0109958,0,No news
1174,173.775,175.392,171.299,176.252,4.95287,0.000168588,-0.00942654,0,No news
1175,176.207,173.775,173.673,178.741,5.06864,0.000167668,0.0137275,0,No news
1176,175.087,176.207,172.603,177.571,4.96728,0.000168232,-0.0065446,0,No news
1177,175.575,175.087,173.068,178.081,5.01308,0.000165745,0.00261647,0,No news
1178,173.69,175.575,171.218,176.163,4.94524,0.00016239,-0.0109525,0,No news
1179,171.349,173.69,168.883,173.815,4.93134,0.000159091,-0.0137319,0,No news
1180,171.998,171.349,169.489,174.507,5.01811,0.000159906,0.00362246,0,No news
1181,179.934,171.998,177.397,182.472,5.07494,0.000118393,0.0149886,0.03,"Rumor: firm exploring strategic options"
1182,180.293,179.934,177.789,182.798,5.00931,0.000131012,0.0018626,0,No news
1183,180.415,180.293,177.913,182.916,5.00256,0.000161156,0.000511835,0,No news
1184,181.954,180.415,179.433,184.475,5.04166,0.00016421,0.00833285,0,No news
1185,180.779,181.954,178.295,183.262,4.96676,0.00016589,-0.00664822,0,No news
1186,180.53,180.779,178.034,183.026,4.99229,0.00016827,-0.00154266,0,No news
1187,172.452,180.53,169.992,174.912,4.9206,0.000100284,-0.0158802,-0.03,"Rumor: firm exploring strategic options"
1188,171.042,172.452,168.563,173.521,4.95842,0.000106874,-0.00831624,0,No news
1189,171.117,171.042,168.616,173.617,5.00132,0.000172622,0.000264,0,No news
1190,171.426,171.117,168.922,173.93,5.00817,0.000171807,0.00163306,0,No news
1191,173.578,171.426,171.047,176.109,5.06153,0.000171297,0.0123056,0,No news
1192,174.631,173.578,172.116,177.146,5.02938,0.000170315,0.0058769,0,No news
1193,175.879,174.631,173.362,178.397,5.03476,0.000171295,0.00695209,0,No news
1194,176.433,175.879,173.925,178.94,5.01485,0.000172366,0.00296964,0,No news
1195,176.663,176.433,174.16,179.166,5.00564,0.000175399,0.00112778,0,No news
1196,177.769,176.663,175.253,180.284,5.03031,0.000177444,0.00606166,0,No news
1197,177.241,177.769,174.748,179.733,4.98425,0.000175627,-0.00315003,0,No news
1198,176.897,177.241,174.402,179.391,4.98943,0.00017107,-0.00211407,0,No news
1199,175.981,176.897,173.494,178.467,4.97318,0.000174705,-0.00536496,0,No news
1200,176.45,175.981,173.944,178.957,5.01244,0.000176923,0.00248861,0,No news
1201,175.896,176.45,173.405,178.388,4.98338,0.000179405,-0.00332457,0,No news
1202,176.081,175.896,173.578,178.583,5.00434,0.000178796,0.000868421,0,No news
1203,176.251,176.081,173.749,178.753,5.00394,0.000178828,0.000788576,0,No news
1204,174.555,176.251,172.08,177.031,4.95076,0.000179558,-0.00984821,0,No news
1205,175.08,174.555,172.573,177.587,5.0141,0.000180325,0.00281937,0,No news
1206,175.521,175.08,173.015,178.027,5.01169,0.000180589,0.00233738,0,No news
1207,176.566,175.521,174.051,179.08,5.02876,0.000181682,0.00575188,0,No news
1208,176.723,176.566,174.221,179.225,5.00352,0.00018602,0.000704158,0,No news
1209,178.191,176.723,175.671,180.711,5.04046,0.000183819,0.00809131,0,No news
1210,176.969,178.191,174.487,179.451,4.96467,0.000184216,-0.00706672,0,No news
1211,176.948,176.969,174.449,179.448,4.99851,0.000181835,-0.000298642,0,No news
1212,176.081,176.948,173.594,178.568,4.97452,0.000182128,-0.00509551,0,No news
1213,168.468,176.081,165.953,170.982,5.02846,0.000107792,0.00569131,-0.05,"Global macro uncertainty rises"
1214,168.842,168.468,166.337,171.347,5.01057,0.000103683,0.00211472,0,No news
1215,167.065,168.842,164.592,169.539,4.94657,0.000108394,-0.0106857,0,No news
1216,166.645,167.065,164.152,169.138,4.98647,0.000186754,-0.00270676,0,No news
1217,165.396,166.645,162.915,167.877,4.96145,0.000188237,-0.007711,0,No news
1218,164.401,165.396,161.917,166.886,4.9689,0.000187294,-0.00622016,0,No news
1219,164.758,164.401,162.253,167.263,5.0099,0.000185789,0.0019801,0,No news
1220,166.198,164.758,163.677,168.72,5.0426,0.000185323,0.00852067,0,No news
1221,166.915,166.198,164.405,169.425,5.02058,0.000187317,0.00411609,0,No news
1222,168.94,166.915,166.41,171.469,5.05934,0.000187758,0.0118685,0,No news
1223,168.56,168.94,166.066,171.054,4.98781,0.000188308,-0.00243793,0,No news
1224,168.429,168.56,165.931,170.926,4.99517,0.0001877,-0.000966989,0,No news
1225,167.745,168.429,165.255,170.234,4.97871,0.000188781,-0.00425865,0,No news
1226,166.832,167.745,164.346,169.318,4.9718,0.000186663,-0.00564008,0,No news
1227,167.732,166.832,165.219,170.245,5.02597,0.000186324,0.00519339,0,No news
1228,167.233,167.732,164.741,169.725,4.98416,0.000184557,-0.00316721,0,No news
1229,161.774,167.233,159.282,164.266,4.98336,0.000143982,-0.00332855,-0.03,"Rumor: firm exploring strategic options"
1230,162.456,161.774,159.946,164.966,5.02027,0.000150128,0.00405416,0,No news
1231,163.596,162.456,161.079,166.113,5.03404,0.000187248,0.00680723,0,No news
1232,164.424,163.596,161.912,166.936,5.02431,0.000188443,0.0048613,0,No news
1233,164.492,164.424,161.992,166.993,5.00114,0.00018675,0.000227339,0,No news
1234,164.174,164.492,161.68,166.669,4.98938,0.000189822,-0.00212463,0,No news
1235,164.435,164.174,161.931,166.938,5.00699,0.000187335,0.00139821,0,No news
1236,164.393,164.435,161.894,166.892,4.9978,0.000186287,-0.000439102,0,No news
1237,162.941,164.393,160.463,165.418,4.95469,0.000186635,-0.0090628,0,No news
1238,163.871,162.941,161.357,166.385,5.02755,0.000185393,0.00550942,0,No news
1239,163.761,163.871,161.263,166.259,4.99571,0.000186881,-0.000858945,0,No news
1240,164.116,163.761,161.611,166.621,5.00988,0.000187354,0.00197591,0,No news
1241,164.841,164.116,162.33,167.351,5.0211,0.00018815,0.00421953,0,No news
1242,162.969,164.841,160.498,165.44,4.94197,0.000188051,-0.0116058,0,No news
1243,163.763,162.969,161.252,166.275,5.02337,0.00018741,0.00467389,0,No news
1244,164.084,163.763,161.58,166.589,5.00884,0.00018905,0.00176871,0,No news
1245,164.205,164.084,161.704,166.707,5.00275,0.000186393,0.000549465,0,No news
1246,163.854,164.205,161.36,166.348,4.98837,0.000184569,-0.00232653,0,No news
1247,163.708,163.854,161.211,166.205,4.99462,0.000184604,-0.00107533,0,No news
1248,171.886,163.708,169.39,174.383,4.9928,0.000190549,-0.00144052,0.05,"Global macro uncertainty rises"
1249,171.422,171.886,168.93,173.915,4.98548,0.000199603,-0.00290316,0,No news
1250,169.881,171.422,167.404,172.358,4.95387,0.000192272,-0.00922561,0,No news
1251,169.962,169.881,167.461,172.462,5.00144,0.000187359,0.000287813,0,No news
1252,170.298,169.962,167.793,172.802,5.00894,0.000187197,0.00178772,0,No news
1253,170.387,170.298,167.886,172.888,5.00169,0.00018737,0.000337726,0,No news
1254,169.424,170.387,166.939,171.91,4.97073,0.000187887,-0.00585361,0,No news
1255,170.018,169.424,167.509,172.526,5.01654,0.000187993,0.00330775,0,No news
1256,168.653,170.018,166.174,171.133,4.95878,0.000187243,-0.00824403,0,No news
1257,167.963,168.653,165.474,170.452,4.97855,0.000186869,-0.00428975,0,No news
1258,168.281,167.963,165.777,170.786,5.00855,0.00018467,0.00171053,0,No news
1259,168.332,168.281,165.832,170.832,5.00058,0.000183155,0.000116935,0,No news
1260,162.663,168.332,160.124,165.202,5.07819,0.000104083,0.0156382,-0.05,"Global macro uncertainty rises"
1261,167.916,162.663,165.412,170.42,5.00856,7.31639e-05,0.00171125,0.03,"Rumor: firm exploring strategic options"
1262,163.862,167.916,161.423,166.301,4.87743,7.54703e-05,-0.0245146,0,No news
1263,163.771,163.862,161.273,166.269,4.99631,0.00018133,-0.000737095,0,No news
1264,164.648,163.771,162.136,167.161,5.02581,0.000180301,0.00516288,0,No news
1265,165.034,164.648,162.528,167.539,5.01079,0.000177895,0.00215874,0,No news
1266,162.922,165.034,160.455,165.389,4.93471,0.000179959,-0.0130575,0,No news
1267,164.22,162.922,161.701,166.739,5.03877,0.000181509,0.00775343,0,No news
1268,164,164.22,161.504,166.496,4.9924,0.000178011,-0.00151965,0,No news
1269,163.4,164,160.91,165.891,4.98079,0.000180851,-0.0038428,0,No news
1270,162.824,163.4,160.333,165.314,4.98143,0.00017867,-0.00371381,0,No news
1271,163.03,162.824,160.528,165.533,5.00545,0.000177493,0.00109028,0,No news
1272,165.054,163.03,162.524,167.585,5.06082,0.00017603,0.0121639,0,No news
1273,165.25,165.054,162.748,167.753,5.00505,0.000174777,0.0010101,0,No news
1274,165.711,165.25,163.205,168.218,5.01308,0.000170426,0.00261518,0,No news
1275,166.566,165.711,164.053,169.078,5.02485,0.000172273,0.00497067,0,No news
1276,166.216,166.566,163.722,168.711,4.98865,0.000171254,-0.00226926,0,No news
1277,165.888,166.216,163.394,168.383,4.98925,0.000172451,-0.00214918,0,No news
1278,165.607,165.888,163.112,168.102,4.99065,0.000173653,-0.00187013,0,No news
1279,166.07,165.607,163.563,168.576,5.01307,0.000175495,0.00261436,0,No news
1280,166.493,166.07,163.987,168.999,5.01185,0.000174834,0.00237052,0,No news
1281,166.32,166.493,163.823,168.817,4.99392,0.000174977,-0.00121632,0,No news
1282,175.035,166.32,172.533,177.538,5.00467,0.000141928,0.000934814,0.05,"Global macro uncertainty rises"
1283,172.526,175.035,170.063,174.99,4.92715,0.00013119,-0.0145699,0,No news
1284,170.66,172.526,168.188,173.133,4.945,0.000126011,-0.0110002,0,No news
1285,170.148,170.66,167.656,172.641,4.98413,0.00016874,-0.00317313,0,No news
1286,169.575,170.148,167.084,172.066,4.98227,0.000169891,-0.00354677,0,No news
1287,169.664,169.575,167.163,172.165,5.0018,0.000166933,0.000360326,0,No news
1288,169.073,169.664,166.582,171.564,4.9817,0.000166379,-0.0036592,0,No news
1289,169.598,169.073,167.091,172.105,5.01469,0.000164194,0.00293726,0,No news
1290,167.443,169.598,164.976,169.911,4.93525,0.000165007,-0.0129497,0,No news
1291,168.267,167.443,165.755,170.779,5.02372,0.00016446,0.0047439,0,No news
1292,167.902,168.267,165.407,170.396,4.98829,0.000166964,-0.0023427,0,No news
1293,165.807,167.902,163.338,168.275,4.93639,0.00016562,-0.0127222,0,No news
1294,166.328,165.807,163.821,168.836,5.01487,0.000167266,0.00297482,0,No news
1295,169.379,166.328,166.834,171.924,5.09005,0.00016447,0.0180093,0,No news
1296,169.622,169.379,167.118,172.125,5.00637,0.000159209,0.00127304,0,No news
1297,171.017,169.622,168.497,173.537,5.04016,0.000160562,0.00803173,0,No news
1298,169.937,171.017,167.453,172.42,4.9675,0.000162051,-0.00649902,0,No news
1299,169.348,169.937,166.857,171.839,4.98185,0.000162879,-0.00363063,0,No news
1300,168.505,169.348,166.018,170.992,4.97422,0.000161788,-0.0051557,0,No news
1301,170.855,168.505,168.321,173.389,5.06845,0.000161572,0.0136908,0,No news
1302,173.132,170.855,170.599,175.664,5.06538,0.000161254,0.0130755,0,No news
1303,174.084,173.132,171.571,176.597,5.02664,0.000157932,0.00532707,0,No news
1304,175.729,174.084,173.206,178.252,5.04622,0.000158944,0.00924453,0,No news
1305,175.754,175.729,173.254,178.254,4.99991,0.000159655,-1.76936e-05,0,No news
1306,175.773,175.754,173.273,178.273,4.99976,0.000158748,-4.78064e-05,0,No news
1307,173.487,175.773,171.02,175.954,4.93374,0.000160757,-0.0132525,0,No news
1308,174.405,173.487,171.892,176.918,5.0256,0.000158104,0.00512095,0,No news
1309,173.338,174.405,170.854,175.822,4.9685,0.000162837,-0.00629927,0,No news
1310,174.019,173.338,171.51,176.528,5.01879,0.000162372,0.00375746,0,No news
1311,173.924,174.019,171.425,176.422,4.99643,0.000166331,-0.000714822,0,No news
1312,173.453,173.924,170.96,175.946,4.98563,0.000164967,-0.00287493,0,No news
1313,167.261,173.453,164.777,169.745,4.96779,9.1285e-05,-0.00644183,-0.03,"Rumor: firm exploring strategic options"
1314,165.458,167.261,162.985,167.93,4.94538,8.51587e-05,-0.010925,0,No news
1315,165.524,165.458,163.024,168.025,5.00118,0.000164944,0.000236665,0,No news
1316,162.88,165.524,160.421,165.34,4.91865,0.000168548,-0.0162693,0,No news
1317,161.619,162.88,159.139,164.099,4.96029,0.000165863,-0.00794118,0,No news
1318,160.646,161.619,158.162,163.13,4.96896,0.000169175,-0.00620748,0,No news
1319,160.505,160.646,158.008,163.003,4.99476,0.000171212,-0.00104818,0,No news
1320,161.096,160.505,158.588,163.605,5.01751,0.000173702,0.00350226,0,No news
1321,159.645,161.096,157.168,162.122,4.95389,0.000172259,-0.00922116,0,No news
1322,159.086,159.645,156.595,161.577,4.9816,0.000173657,-0.00368042,0,No news
1323,160.321,159.086,157.803,162.84,5.0378,0.000174031,0.00756054,0,No news
1324,163.318,160.321,160.772,165.863,5.09172,0.000171467,0.0183444,0,No news
1325,162.349,163.318,159.865,164.834,4.96938,0.000176467,-0.00612344,0,No news
1326,160.287,162.349,157.819,162.755,4.93522,0.000172527,-0.0129564,0,No news
1327,160.497,160.287,157.995,163,5.00572,0.000168319,0.00114317,0,No news
1328,158.927,160.497,156.452,161.402,4.94999,0.000167878,-0.0100012,0,No news
1329,161.099,158.927,158.565,163.632,5.06702,0.000168989,0.0134045,0,No news
1330,160.579,161.099,158.087,163.07,4.98299,0.000169115,-0.00340256,0,No news
1331,160.366,160.579,157.869,162.862,4.99252,0.000168139,-0.00149569,0,No news
1332,159.321,160.366,156.838,161.804,4.96648,0.000167298,-0.00670323,0,No news
1333,158.546,159.321,156.059,161.034,4.9748,0.000167501,-0.00504067,0,No news
1334,159.132,158.546,156.623,161.641,5.01758,0.000171817,0.00351503,0,No news
1335,158.979,159.132,156.482,161.476,4.99431,0.000174585,-0.00113726,0,No news
1336,157.302,158.979,154.829,159.775,4.94613,0.000172537,-0.010775,0,No news
1337,156.981,157.302,154.487,159.476,4.98893,0.000171159,-0.00221351,0,No news
1338,159.273,156.981,156.737,161.808,5.07158,0.000173369,0.0143167,0,No news
1339,153.592,159.273,151.108,156.076,4.96784,0.000114486,-0.00643154,-0.03,"Rumor: firm exploring strategic options"
1340,155.096,153.592,152.572,157.62,5.04814,0.000118882,0.00962766,0,No news
1341,155.904,155.096,153.392,158.417,5.0251,0.000176402,0.00501936,0,No news
1342,157.091,155.904,154.572,159.609,5.03702,0.000176415,0.00740353,0,No news
1343,156.227,157.091,153.741,158.713,4.97154,0.000178547,-0.00569231,0,No news
1344,156.063,156.227,153.566,158.559,4.99385,0.000179107,-0.00123073,0,No news
1345,158.617,156.063,156.077,161.157,5.08027,0.000179802,0.0160543,0,No news
1346,158.965,158.617,156.46,161.47,5.01009,0.000175633,0.00201855,0,No news
1347,158.735,158.965,156.239,161.23,4.99187,0.000174746,-0.00162663,0,No news
1348,158.573,158.735,156.076,161.07,4.99404,0.000176974,-0.00119222,0,No news
1349,160.014,158.573,157.491,162.536,5.04432,0.000175362,0.0088649,0,No news
1350,158.334,160.014,155.861,160.808,4.94639,0.000173192,-0.0107227,0,No news
1351,156.74,158.334,154.265,159.214,4.94852,0.000173844,-0.0102965,0,No news
1352,156.29,156.74,153.798,158.783,4.98479,0.000171205,-0.00304205,0,No news
1353,165.433,156.29,162.917,167.95,5.03357,0.000140303,0.00671356,0.05,"Global macro uncertainty rises"
1354,166.148,165.433,163.638,168.659,5.02098,0.000115822,0.00419529,0,No news
1355,163.003,166.148,160.552,165.455,4.90387,0.000118085,-0.019227,0,No news
1356,162.775,163.003,160.279,165.271,4.99218,0.00016133,-0.00156425,0,No news
1357,164.453,162.775,161.927,166.978,5.05048,0.000156713,0.0100968,0,No news
1358,162.434,164.453,159.965,164.903,4.93745,0.000158049,-0.0125094,0,No news
1359,161.556,162.434,159.07,164.042,4.97212,0.000157289,-0.00557662,0,No news
1360,163.128,161.556,160.604,165.652,5.04763,0.000157191,0.0095252,0,No news
1361,163.524,163.128,161.018,166.03,5.01132,0.000161799,0.00226439,0,No news
1362,164.717,163.524,162.199,167.234,5.03554,0.000159736,0.00710738,0,No news
1363,165.322,164.717,162.814,167.831,5.01754,0.000163435,0.00350732,0,No news
1364,165.846,165.322,163.338,168.353,5.015,0.000160205,0.0030004,0,No news
1365,167.526,165.846,165.001,170.051,5.04959,0.000160537,0.00991865,0,No news
1366,165.393,167.526,162.925,167.86,4.93511,0.00016243,-0.012978,0,No news
1367,166.166,165.393,163.655,168.678,5.02252,0.000162977,0.0045043,0,No news
1368,166.966,166.166,164.454,169.477,5.02319,0.000160182,0.00463885,0,No news
1369,168.572,166.966,166.048,171.095,5.04707,0.000157859,0.00941401,0,No news
1370,168.377,168.572,165.88,170.873,4.99342,0.000158831,-0.00131628,0,No news
1371,166.518,168.377,164.046,168.99,4.94372,0.000155156,-0.0112559,0,No news
1372,165.421,166.518,162.938,167.904,4.96619,0.000153906,-0.00676192,0,No news
1373,165.417,165.421,162.917,167.916,4.99912,0.000150593,-0.0001754,0,No news
1374,168.263,165.417,165.721,170.805,5.08454,0.000150587,0.0169086,0,No news
1375,160.677,168.263,158.167,163.187,5.01935,-2.09922e-06,0.00387069,-0.05,"Global macro uncertainty rises"
1376,162.209,160.677,159.685,164.733,5.04745,-1.13382e-07,0.00948958,0,No news
1377,160.353,162.209,157.882,162.825,4.94258,-2.12975e-05,-0.0114845,0,No news
1378,159.136,160.353,156.655,161.616,4.96112,0.000152257,-0.00777596,0,No news
1379,159.257,159.136,156.756,161.759,5.00306,0.000152975,0.000612302,0,No news
1380,162.053,159.257,159.51,164.596,5.08623,0.000152647,0.0172464,0,No news
1381,164.219,162.053,161.686,166.751,5.06565,0.000147638,0.0131301,0,No news
1382,165.719,164.219,163.197,168.241,5.04478,0.000139363,0.00895575,0,No news
1383,167.244,165.719,164.722,169.767,5.04513,0.000135531,0.00902503,0,No news
1384,168.021,167.244,165.51,170.532,5.02251,0.000133271,0.00450173,0,No news
1385,165.695,168.021,163.231,168.16,4.92964,0.000134713,-0.0140725,0,No news
1386,166.775,165.695,164.26,169.291,5.03181,0.000135201,0.00636148,0,No news
1387,164.808,166.775,162.338,167.278,4.94,0.000134968,-0.0120005,0,No news
1388,164.428,164.808,161.934,166.922,4.98778,0.000135578,-0.00244386,0,No news
1389,165.356,164.428,162.843,167.87,5.02746,0.000135822,0.0054926,0,No news
1390,164.438,165.356,161.952,166.923,4.97147,0.000133332,-0.00570502,0,No news
1391,166.654,164.438,164.121,169.187,5.06629,0.000129783,0.013258,0,No news
1392,167.989,166.654,165.47,170.509,5.03927,0.000128622,0.00785369,0,No news
1393,165.79,167.989,163.323,168.256,4.93347,0.000124938,-0.013306,0,No news
1394,164.187,165.79,161.711,166.662,4.95081,0.000120883,-0.00983804,0,No news
1395,164.602,164.187,162.096,167.108,5.012,0.000123605,0.00240096,0,No news
1396,164.958,164.602,162.453,167.463,5.01015,0.000131663,0.00202915,0,No news
1397,161.789,164.958,159.338,164.24,4.90239,0.000128068,-0.0195227,0,No news
1398,160.435,161.789,157.957,162.914,4.95737,0.000123968,-0.00852665,0,No news
1399,159.369,160.435,156.886,161.852,4.96605,0.000123198,-0.00678956,0,No news
1400,161.434,159.369,158.903,163.966,5.06377,0.000120997,0.0127535,0,No news
1401,161.445,161.434,158.946,163.945,4.99975,0.00011847,-5.034e-05,0,No news
1402,161.325,161.445,158.827,163.823,4.99567,0.000120383,-0.000865745,0,No news
1403,162.764,161.325,160.243,165.286,5.04382,0.000117811,0.00876405,0,No news
1404,160.119,162.764,157.66,162.577,4.91748,0.000115623,-0.0165039,0,No news
1405,158.838,160.119,156.359,161.318,4.95928,0.000115747,-0.00814469,0,No news
1406,157.277,158.838,154.801,159.752,4.95003,0.000113064,-0.00999445,0,No news
1407,156.709,157.277,154.218,159.2,4.98137,0.000111226,-0.00372631,0,No news
1408,158.578,156.709,156.049,161.108,5.0587,0.000118897,0.0117401,0,No news
1409,161.168,158.578,158.628,163.708,5.08039,0.000119027,0.0160779,0,No news
1410,160.622,161.168,158.131,163.113,4.9824,0.000125527,-0.0035197,0,No news
1411,161.164,160.622,158.656,163.672,5.01622,0.000126375,0.00324332,0,No news
1412,162.204,161.164,159.688,164.72,5.03151,0.000131324,0.00630187,0,No news
1413,163.165,162.204,160.65,165.679,5.02891,0.000124194,0.00578152,0,No news
1414,160.463,163.165,158.005,162.921,4.9159,0.000123865,-0.0168194,0,No news
1415,160.376,160.463,157.878,162.875,4.99666,0.00012684,-0.000668147,0,No news
1416,162.351,160.376,159.82,164.881,5.06052,0.000128849,0.0121049,0,No news
1417,165.882,162.351,163.254,168.511,5.25763,-4.55718e-06,0.0515263,-0.03,"Rumor: firm exploring strategic options"
1418,165.986,165.882,163.484,168.487,5.00309,4.84692e-06,0.000617256,0,No news
1419,161.923,165.986,159.485,164.36,4.87541,0.000135557,-0.0249182,0,No news
1420,162.867,161.923,160.352,165.381,5.0284,0.000133003,0.0056801,0,No news
1421,163.058,162.867,160.556,165.561,5.00519,0.000136069,0.0010388,0,No news
1422,162.199,163.058,159.713,164.686,4.9729,0.000138285,-0.00541952,0,No news
1423,160.65,162.199,158.174,163.125,4.9513,0.000139408,-0.00973954,0,No news
1424,159.5,160.65,157.019,161.982,4.96339,0.000141856,-0.00732181,0,No news
1425,154.828,159.5,152.403,157.254,4.85065,0.000140452,-0.0298691,0,No news
1426,153.06,154.828,150.589,155.531,4.94185,0.000141243,-0.0116306,0,No news
1427,152.25,153.06,149.764,154.737,4.97277,0.00014475,-0.00544567,0,No news
1428,151.935,152.25,149.44,154.429,4.9889,0.000144816,-0.00221989,0,No news
1429,153.06,151.935,150.542,155.578,5.03614,0.000148249,0.00722876,0,No news
1430,151.992,153.06,149.51,154.475,4.96426,0.000151074,-0.00714884,0,No news
1431,152.494,151.992,149.986,155.002,5.01573,0.000150216,0.00314539,0,No news
1432,148.268,152.494,145.839,150.697,4.85872,0.000152106,-0.0282564,0,No news
1433,148.516,148.268,146.012,151.019,5.00756,0.000154768,0.00151251,0,No news
1434,148.426,148.516,145.928,150.924,4.99621,0.000152734,-0.000757925,0,No news
1435,151.685,148.426,149.131,154.239,5.10784,0.000154181,0.0215687,0,No news
1436,152.574,151.685,150.06,155.088,5.02843,0.000155294,0.00568546,0,No news
1437,151.13,152.574,148.655,153.606,4.95168,0.000159125,-0.00966352,0,No news
1438,152.593,151.13,150.069,155.116,5.04735,0.000157312,0.00947054,0,No news
1439,150.115,152.593,147.656,152.573,4.91735,0.000158432,-0.0165307,0,No news
1440,150.391,150.115,147.887,152.896,5.00842,0.000158917,0.00168339,0,No news
1441,149.662,150.391,147.174,152.149,4.97488,0.000158654,-0.00502388,0,No news
1442,148.693,149.662,146.21,151.177,4.96676,0.000159097,-0.00664862,0,No news
1443,149.678,148.693,147.162,152.194,5.03218,0.000162154,0.00643502,0,No news
1444,149.509,149.678,147.012,152.006,4.99356,0.000161905,-0.00128758,0,No news
1445,149.308,149.509,146.812,151.804,4.99245,0.00016327,-0.00151051,0,No news
1446,151.525,149.308,148.989,154.062,5.07289,0.000162858,0.0145773,0,No news
1447,150.68,151.525,148.194,153.165,4.97122,0.000161112,-0.00575509,0,No news
1448,149.677,150.68,147.194,152.16,4.96579,0.000162887,-0.00684178,0,No news
1449,148.687,149.677,146.204,151.17,4.96602,0.000163431,-0.00679573,0,No news
1450,145.402,148.687,142.959,147.846,4.88749,0.000162181,-0.022503,0,No news
1451,145.774,145.402,143.268,148.28,5.01195,0.000160746,0.00239015,0,No news
1452,146.962,145.774,144.442,149.481,5.03979,0.000157229,0.00795747,0,No news
1453,147.983,146.962,145.467,150.5,5.03385,0.000159174,0.00677069,0,No news
1454,145.508,147.983,143.05,147.965,4.91485,0.000159656,-0.0170299,0,No news
1455,144.729,145.508,142.243,147.215,4.97237,0.000159229,-0.00552626,0,No news
1456,146.883,144.729,144.347,149.42,5.07309,0.000159242,0.0146171,0,No news
1457,145.58,146.883,143.102,148.057,4.95463,0.000158627,-0.00907487,0,No news
1458,146.09,145.58,143.582,148.598,5.01672,0.000155887,0.00334351,0,No news
1459,144.048,146.09,141.583,146.512,4.92882,0.000159135,-0.0142363,0,No news
1460,145.105,144.048,142.588,147.623,5.03577,0.00016183,0.00715349,0,No news
1461,145.229,145.105,142.727,147.73,5.00343,0.000162651,0.000686237,0,No news
1462,146.264,145.229,143.746,148.781,5.03468,0.00016614,0.00693515,0,No news
1463,145.581,146.264,143.093,148.069,4.97576,0.000171048,-0.00484841,0,No news
1464,144.38,145.581,141.902,146.859,4.95774,0.000170075,-0.00845159,0,No news
1465,143.439,144.38,140.956,145.922,4.96645,0.00016861,-0.00671058,0,No news
1466,144.823,143.439,142.3,147.347,5.04717,0.000171527,0.00943365,0,No news
1467,145.404,144.823,142.895,147.914,5.01915,0.00017118,0.00383053,0,No news
1468,142.525,145.404,140.076,144.975,4.89916,0.000168772,-0.0201672,0,No news
1469,141.695,142.525,139.21,144.18,4.96995,0.000167223,-0.0060106,0,No news
1470,142.197,141.695,139.688,144.705,5.01684,0.00016878,0.0033676,0,No news
1471,142.863,142.197,140.352,145.375,5.02254,0.000169664,0.00450807,0,No news
1472,143.07,142.863,140.567,145.573,5.00637,0.000169772,0.00127309,0,No news
1473,141.969,143.07,139.489,144.449,4.96053,0.000170939,-0.00789405,0,No news
1474,146.142,141.969,143.645,148.639,4.9941,0.0001523,-0.00118095,0.03,"Rumor: firm exploring strategic options"
1475,148.857,146.142,146.311,151.403,5.09132,0.000141263,0.0182649,0,No news
1476,148.95,148.857,146.449,151.451,5.00227,0.000169923,0.000454853,0,No news
1477,149.12,148.95,146.618,151.623,5.00486,0.000170613,0.000971331,0,No news
1478,149.74,149.12,147.23,152.25,5.01988,0.000170012,0.00397573,0,No news
1479,150.13,149.74,147.624,152.636,5.01213,0.00017649,0.0024268,0,No news
1480,149.471,150.13,146.982,151.959,4.97711,0.000177322,-0.00457841,0,No news
1481,150.983,149.471,148.459,153.508,5.04946,0.000175673,0.00989198,0,No news
1482,150.466,150.983,147.975,152.957,4.98196,0.000174194,-0.00360893,0,No news
1483,147.527,150.466,145.077,149.977,4.9005,0.000176504,-0.0198998,0,No news
1484,148.124,147.527,145.615,150.634,5.01933,0.000176129,0.0038654,0,No news
1485,149.072,148.124,146.557,151.588,5.03101,0.000176351,0.00620246,0,No news
1486,148.94,149.072,146.443,151.437,4.99467,0.000179034,-0.00106606,0,No news
1487,148.866,148.94,146.368,151.364,4.99662,0.000179528,-0.000676689,0,No news
1488,148.791,148.866,146.293,151.289,4.99659,0.000177207,-0.000682779,0,No news
1489,147.925,148.791,145.44,150.41,4.96994,0.000177814,-0.00601212,0,No news
1490,146.511,147.925,144.035,148.986,4.95108,0.000175049,-0.00978335,0,No news
1491,148.199,146.511,145.671,150.727,5.05641,0.000176232,0.0112823,0,No news
1492,148.205,148.199,145.705,150.704,4.99931,0.000175247,-0.000137337,0,No news
1493,147.278,148.205,144.794,149.762,4.96776,0.000175209,-0.00644705,0,No news
1494,146.955,147.278,144.46,149.449,4.98812,0.000175364,-0.00237543,0,No news
1495,145.473,146.955,142.998,147.947,4.94845,0.000174986,-0.0103101,0,No news
1496,146.532,145.473,144.015,149.05,5.03542,0.000174129,0.00708494,0,No news
1497,147.214,146.532,144.703,149.725,5.02234,0.000174583,0.00446732,0,No news
1498,146.615,147.214,144.125,149.104,4.97873,0.000173912,-0.00425427,0,No news
1499,145.746,146.615,143.261,148.23,4.96939,0.000176198,-0.00612152,0,No news
1500,145.716,145.746,143.217,148.215,4.9981,0.000175587,-0.000379349,0,No news
1501,146.568,145.716,144.054,149.083,5.0283,0.000172801,0.00566026,0,No news
1502,146.879,146.568,144.375,149.384,5.00974,0.000171002,0.0019479,0,No news
1503,147.245,146.879,144.739,149.75,5.01155,0.000173209,0.00230984,0,No news
1504,146.081,147.245,143.602,148.561,4.95948,0.000173075,-0.00810374,0,No news
1505,147.319,146.081,144.798,149.84,5.04133,0.000170299,0.0082655,0,No news
1506,146.675,147.319,144.187,149.164,4.97724,0.000172946,-0.0045518,0,No news
1507,147.325,146.675,144.814,149.836,5.02123,0.000174176,0.00424596,0,No news
1508,147.397,147.325,144.896,149.898,5.00158,0.000173088,0.000316041,0,No news
1509,146.062,147.397,143.585,148.539,4.95363,0.000172479,-0.00927337,0,No news
1510,145.979,146.062,143.481,148.477,4.99631,0.000171616,-0.000738553,0,No news
1511,144.423,145.979,141.95,146.896,4.94555,0.000173168,-0.0108893,0,No news
1512,144.815,144.423,142.309,147.322,5.01269,0.000173117,0.00253897,0,No news
1513,152.3,144.815,149.799,154.8,5.00115,0.000160057,0.000230947,0.05,"Global macro uncertainty rises"
1514,151.267,152.3,148.784,153.749,4.96518,0.000159168,-0.00696333,0,No news
1515,151.034,151.267,148.538,153.53,4.99152,0.000156315,-0.00169663,0,No news
1516,151.612,151.034,149.103,154.121,5.01822,0.000175163,0.00364308,0,No news
1517,152.719,151.612,150.201,155.237,5.03552,0.000174008,0.00710386,0,No news
1518,152.23,152.719,149.738,154.721,4.98308,0.000173267,-0.00338302,0,No news
1519,151.146,152.23,148.664,153.627,4.96339,0.000174702,-0.00732235,0,No news
1520,152.563,151.146,150.04,155.086,5.0458,0.000174381,0.00916037,0,No news
1521,153.058,152.563,150.551,155.566,5.01533,0.000175166,0.00306572,0,No news
1522,153.282,153.058,150.779,155.785,5.00641,0.000176761,0.00128191,0,No news
1523,154.044,153.282,151.532,156.556,5.02394,0.00017408,0.00478727,0,No news
1524,154.642,154.044,152.133,157.152,5.01849,0.000177417,0.00369811,0,No news
1525,154.849,154.642,152.346,157.352,5.00579,0.000176148,0.00115767,0,No news
1526,153.99,154.849,151.504,156.476,4.97132,0.000174731,-0.0057362,0,No news
1527,155.201,153.99,152.682,157.72,5.03831,0.000174602,0.00766104,0,No news
1528,155.844,155.201,153.334,158.353,5.01979,0.000172343,0.00395732,0,No news
1529,154.749,155.844,152.267,157.231,4.96389,0.000174321,-0.00722227,0,No news
1530,154.971,154.749,152.468,157.474,5.00631,0.000174079,0.00126112,0,No news
1531,154.135,154.971,151.649,156.621,4.97206,0.000174307,-0.00558794,0,No news
1532,154.282,154.135,151.78,156.784,5.0039,0.000173351,0.000779948,0,No news
1533,154.966,154.282,152.456,157.477,5.02127,0.000172709,0.00425482,0,No news
1534,154.457,154.966,151.966,156.949,4.98269,0.000173333,-0.00346156,0,No news
1535,153.617,154.457,151.131,156.103,4.97186,0.000170811,-0.00562714,0,No news
1536,155.03,153.617,152.508,157.553,5.04493,0.000171907,0.00898638,0,No news
1537,154.949,155.03,152.45,157.447,4.9965,0.000173156,-0.000700902,0,No news
1538,153.06,154.949,150.591,155.528,4.9378,0.000174079,-0.0124402,0,No news
1539,152.017,153.06,149.534,154.499,4.96495,0.000174357,-0.00700985,0,No news
1540,153.227,152.017,150.708,155.747,5.03878,0.000173807,0.0077562,0,No news
1541,152.861,153.227,150.368,155.355,4.98715,0.000178464,-0.00257029,0,No news
1542,150.748,152.861,148.283,153.212,4.9295,0.000177561,-0.0140998,0,No news
1543,151.168,150.748,148.662,153.675,5.01306,0.000174762,0.00261275,0,No news
1544,150.58,151.168,148.091,153.07,4.97965,0.000172366,-0.00407034,0,No news
1545,150.435,150.58,147.938,152.932,4.99431,0.000173373,-0.00113889,0,No news
1546,152.005,150.435,149.479,154.531,5.05107,0.00016839,0.0102138,0,No news
1547,152.332,152.005,149.827,154.837,5.00991,0.000168077,0.00198158,0,No news
1548,155.296,152.332,152.748,157.844,5.09552,0.000166511,0.0191032,0,No news
1549,155.38,155.296,152.879,157.881,5.00186,0.000165552,0.000372587,0,No news
1550,155.698,155.38,153.193,158.202,5.0094,0.000166423,0.00187903,0,No news
1551,156.329,155.698,153.819,158.838,5.01938,0.000167896,0.00387569,0,No news
1552,148.173,156.329,145.682,150.664,4.98179,6.09592e-05,-0.00364274,-0.05,"Global macro uncertainty rises"
1553,148.972,148.173,146.458,151.485,5.02662,5.47508e-05,0.00532305,0,No news
1554,148.492,148.972,146.001,150.984,4.98359,5.87413e-05,-0.00328114,0,No news
1555,147.128,148.492,144.651,149.604,4.95299,0.000168245,-0.0094019,0,No news
1556,146.146,147.128,143.663,148.629,4.96566,0.00017113,-0.00686701,0,No news
1557,144.714,146.146,142.239,147.189,4.94992,0.000171165,-0.0100156,0,No news
1558,147.458,144.714,144.986,149.93,4.9432,0.000142738,-0.0113591,0.03,"Rumor: firm exploring strategic options"
1559,146.424,147.458,143.942,148.906,4.9641,0.000141369,-0.00718074,0,No news
1560,144.645,146.424,142.176,147.114,4.93804,0.00016855,-0.012391,0,No news
1561,143.555,144.645,141.074,146.035,4.96134,0.000166074,-0.00773259,0,No news
1562,146.235,143.555,143.689,148.781,5.09165,0.000168729,0.0183302,0,No news
1563,147.372,146.235,144.854,149.891,5.03791,0.00016738,0.00758208,0,No news
1564,146.863,147.372,144.372,149.354,4.98185,0.000166242,-0.00362948,0,No news
1565,146.554,146.863,144.06,149.049,4.98863,0.00016947,-0.0022735,0,No news
1566,145.601,146.554,143.117,148.084,4.96649,0.000171777,-0.00670113,0,No news
1567,145.739,145.601,143.237,148.241,5.00389,0.000175301,0.000778303,0,No news
1568,146.359,145.739,143.849,148.869,5.02035,0.000171817,0.00407061,0,No news
1569,146.341,146.359,143.842,148.84,4.99853,0.000172069,-0.000294495,0,No news
1570,145.977,146.341,143.484,148.47,4.98665,0.000178584,-0.00266904,0,No news
1571,146.118,145.977,143.616,148.62,5.00393,0.00018132,0.000785894,0,No news
1572,145.414,146.118,142.927,147.902,4.97495,0.000181801,-0.00501066,0,No news
1573,145.528,145.414,143.027,148.03,5.00299,0.000181603,0.000598837,0,No news
1574,146.182,145.528,143.672,148.693,5.02154,0.000178721,0.00430765,0,No news
1575,145.332,146.182,142.847,147.817,4.96995,0.000178297,-0.0060099,0,No news
1576,145.882,145.332,143.373,148.391,5.01798,0.000180391,0.00359524,0,No news
1577,146.125,145.882,143.621,148.628,5.00741,0.000180774,0.00148112,0,No news
1578,144.776,146.125,142.3,147.252,4.95274,0.000178903,-0.00945189,0,No news
1579,145.743,144.776,143.227,148.259,5.0324,0.000176065,0.00648079,0,No news
1580,147.855,145.743,145.319,150.39,5.07103,0.000180189,0.0142061,0,No news
1581,147.448,147.855,144.955,149.94,4.98532,0.000179579,-0.00293698,0,No news
1582,146.569,147.448,144.084,149.053,4.96921,0.000178569,-0.00615791,0,No news
1583,145.844,146.569,143.357,148.331,4.97433,0.000177478,-0.0051345,0,No news
1584,145.932,145.844,143.43,148.433,5.00214,0.000173165,0.000427069,0,No news
1585,145.12,145.932,142.635,147.606,4.97127,0.000171699,-0.00574564,0,No news
1586,145.131,145.12,142.631,147.631,4.99952,0.000169796,-9.51711e-05,0,No news
1587,144.91,145.131,142.414,147.406,4.9915,0.000173071,-0.0016998,0,No news
1588,145.899,144.91,143.383,148.416,5.03318,0.000168566,0.00663661,0,No news
1589,143.864,145.899,141.4,146.329,4.92892,0.000169491,-0.0142158,0,No news
1590,142.411,143.864,139.937,144.885,4.94837,0.000171461,-0.0103261,0,No news
1591,143.194,142.411,140.681,145.707,5.02655,0.000175568,0.00531015,0,No news
1592,144.972,143.194,142.442,147.503,5.06084,0.000175443,0.012167,0,No news
1593,144.996,144.972,142.496,147.496,4.99993,0.000177531,-1.47404e-05,0,No news
1594,144.504,144.996,142.013,146.995,4.98209,0.000180279,-0.00358245,0,No news
1595,144.208,144.504,141.713,146.702,4.98885,0.000180704,-0.00222964,0,No news
1596,145.073,144.208,142.558,147.587,5.02899,0.00018061,0.00579763,0,No news
1597,136.757,145.073,134.279,139.234,4.9544,8.84726e-05,-0.00911962,-0.05,"Global macro uncertainty rises"
1598,138.06,136.757,135.537,140.584,5.04699,8.87122e-05,0.00939708,0,No news
1599,136.939,138.06,134.46,139.419,4.95884,8.12109e-05,-0.00823236,0,No news
1600,137.271,136.939,134.765,139.777,5.01122,0.00017546,0.00224361,0,No news
1601,138.004,137.271,135.492,140.517,5.02576,0.000177687,0.00515169,0,No news
1602,136.479,138.004,134.007,138.951,4.94354,0.000177385,-0.0112928,0,No news
1603,136.538,136.479,134.037,139.039,5.00127,0.000177989,0.00025474,0,No news
1604,137.606,136.538,135.087,140.125,5.03807,0.000179197,0.00761418,0,No news
1605,137.284,137.606,134.79,139.777,4.98738,0.000176656,-0.0025231,0,No news
1606,137.192,137.284,134.694,139.69,4.99577,0.000177674,-0.000845193,0,No news
1607,136.699,137.192,134.209,139.19,4.98111,0.000178085,-0.00377789,0,No news
1608,137.979,136.699,135.457,140.502,5.04569,0.000184857,0.00913711,0,No news
1609,137.877,137.979,135.379,140.375,4.99536,0.000184861,-0.000928307,0,No news
1610,137.844,137.877,135.345,140.343,4.99788,0.000184327,-0.000424921,0,No news
1611,137.154,137.844,134.667,139.641,4.974,0.000185042,-0.00520043,0,No news
1612,136.33,137.154,133.845,138.814,4.96891,0.000187873,-0.00621829,0,No news
1613,136.732,136.33,134.225,139.239,5.0138,0.000189429,0.00275911,0,No news
1614,136.22,136.732,133.73,138.71,4.98031,0.000188439,-0.00393839,0,No news
1615,136.251,136.22,133.751,138.751,5.00017,0.000191837,3.30769e-05,0,No news
1616,136.065,136.251,133.569,138.561,4.99221,0.000192311,-0.00155891,0,No news
1617,136.163,136.065,133.661,138.664,5.00263,0.000191216,0.000526022,0,No news
1618,135.617,136.163,133.128,138.107,4.97897,0.000192338,-0.00420517,0,No news
1619,135.226,135.617,132.733,137.718,4.98458,0.000192624,-0.003084,0,No news
1620,135.721,135.226,133.213,138.23,5.01734,0.000192704,0.00346743,0,No news
1621,135.783,135.721,133.282,138.284,5.00129,0.000194079,0.000258421,0,No news
1622,135.771,135.783,133.272,138.271,4.99861,0.000193191,-0.000278537,0,No news
1623,135.663,135.771,133.165,138.16,4.99503,0.000192432,-0.000993546,0,No news
1624,135.899,135.663,133.395,138.403,5.00774,0.000192246,0.00154796,0,No news
1625,130.928,135.899,128.397,133.46,5.063,0.000138701,0.0125992,-0.05,"Global macro uncertainty rises"
1626,132.09,130.928,129.568,134.611,5.04348,0.00013646,0.00869584,0,No news
1627,132.424,132.09,129.918,134.93,5.01197,0.000131985,0.00239369,0,No news
1628,132.556,132.424,130.054,135.058,5.00403,0.000189231,0.000805248,0,No news
1629,132.589,132.556,130.089,135.089,5.0003,0.000190193,6.00864e-05,0,No news
1630,131.577,132.589,129.096,134.057,4.96073,0.00019143,-0.00785418,0,No news
1631,131.635,131.577,129.135,134.136,5.00126,0.000192399,0.000252749,0,No news
1632,131.233,131.635,128.741,133.725,4.98374,0.000191186,-0.00325258,0,No news
1633,130.605,131.233,128.117,133.092,4.97506,0.000189928,-0.00498734,0,No news
1634,131.357,130.605,128.843,133.87,5.02775,0.000191081,0.00554904,0,No news
1635,131.294,131.357,128.796,133.792,4.99666,0.000191026,-0.000667323,0,No news
1636,130.7,131.294,128.212,133.188,4.97637,0.000190741,-0.00472552,0,No news
1637,130.726,130.7,128.226,133.226,5.00005,0.000191146,1.01449e-05,0,No news
1638,129.837,130.726,127.355,132.32,4.96493,0.000189595,-0.00701482,0,No news
1639,129.784,129.837,127.286,132.283,4.99704,0.000187112,-0.000592582,0,No news
1640,129.073,129.784,126.587,131.559,4.97156,0.000188717,-0.00568767,0,No news
1641,128.319,129.073,125.834,130.804,4.96976,0.000188338,-0.00604732,0,No news
1642,128.205,128.319,125.707,130.702,4.99461,0.000189118,-0.00107748,0,No news
1643,128.84,128.205,126.328,131.352,5.02379,0.000187503,0.00475733,0,No news
1644,128.742,128.84,126.245,131.24,4.99525,0.000188432,-0.000950232,0,No news
1645,127.73,128.742,125.25,130.21,4.95958,0.000190554,-0.00808418,0,No news
1646,128.269,127.73,125.759,130.779,5.02009,0.000192016,0.00401714,0,No news
1647,128.481,128.269,125.978,130.985,5.00733,0.000191109,0.00146549,0,No news
1648,128.199,128.481,125.705,130.693,4.98804,0.00019276,-0.00239279,0,No news
1649,128.158,128.199,125.659,130.657,4.99743,0.000193634,-0.000513194,0,No news
1650,127.796,128.158,125.303,130.288,4.98488,0.000193856,-0.00302486,0,No news
1651,127.912,127.796,125.41,130.414,5.00358,0.000193519,0.000716258,0,No news
1652,128.05,127.912,125.548,130.552,5.00441,0.000194212,0.000881941,0,No news
1653,128.671,128.05,126.159,131.182,5.02322,0.000193124,0.00464428,0,No news
1654,128.898,128.671,126.394,131.402,5.00786,0.000192612,0.00157117,0,No news
1655,129.366,128.898,126.857,131.874,5.01714,0.000192868,0.00342899,0,No news
1656,129.745,129.366,127.238,132.252,5.01367,0.000193935,0.00273461,0,No news
1657,130.333,129.745,127.822,132.844,5.02163,0.000194204,0.00432577,0,No news
1658,130.331,130.333,127.831,132.83,4.99895,0.00019365,-0.00020945,0,No news
1659,130.562,130.331,128.058,133.066,5.00791,0.000193879,0.00158276,0,No news
1660,130.423,130.562,127.927,132.92,4.9937,0.000193416,-0.0012592,0,No news
1661,130.822,130.423,128.315,133.329,5.0143,0.000193326,0.00285908,0,No news
1662,131.11,130.822,128.605,133.615,5.01002,0.000194605,0.00200317,0,No news
1663,131.591,131.11,129.082,134.1,5.01735,0.00019414,0.00346907,0,No news
1664,131.619,131.591,129.119,134.119,5.00008,0.000194774,1.54196e-05,0,No news
1665,131.913,131.619,129.408,134.418,5.0102,0.000194599,0.0020404,0,No news
1666,131.466,131.913,128.975,133.957,4.98205,0.000194218,-0.00359043,0,No news
1667,132.281,131.466,129.766,134.796,5.02994,0.000193949,0.00598822,0,No news
1668,132.998,132.281,130.485,135.511,5.02605,0.000193356,0.00520905,0,No news
1669,133.661,132.998,131.149,136.173,5.0239,0.000192259,0.00477942,0,No news
1670,133.938,133.661,131.433,136.443,5.00941,0.000191914,0.00188134,0,No news
1671,133.966,133.938,131.466,136.466,5.00008,0.000191623,1.59965e-05,0,No news
1672,133.718,133.966,131.223,136.213,4.98979,0.000190736,-0.00204143,0,No news
1673,133.185,133.718,130.695,135.674,4.97907,0.000188236,-0.00418672,0,No news
1674,128.296,133.185,125.765,130.827,5.06243,0.000117725,0.0124852,-0.05,"Global macro uncertainty rises"
1675,127.04,128.296,124.564,129.515,4.9502,0.00011869,-0.00995978,0,No news
1676,127.303,127.04,124.798,129.808,5.0098,0.000112277,0.00196049,0,No news
1677,127.252,127.303,124.754,129.751,4.99708,0.000184217,-0.000583214,0,No news
1678,125.703,127.252,123.234,128.172,4.93783,0.000181167,-0.0124331,0,No news
1679,126.74,125.703,124.22,129.26,5.04019,0.00018047,0.00803766,0,No news
1680,126.994,126.74,124.489,129.498,5.0091,0.000180277,0.00182098,0,No news
1681,127.032,126.994,124.532,129.533,5.00061,0.000181097,0.000121748,0,No news
1682,126.568,127.032,124.077,129.058,4.98076,0.000184063,-0.0038488,0,No news
1683,127.025,126.568,124.516,129.533,5.01709,0.000185364,0.00341822,0,No news
1684,126.709,127.025,124.216,129.202,4.98663,0.000186272,-0.00267315,0,No news
1685,126.277,126.709,123.786,128.768,4.982,0.000186855,-0.00359935,0,No news
1686,126.535,126.277,124.03,129.039,5.00924,0.000186448,0.00184728,0,No news
1687,126.984,126.535,124.476,129.493,5.01681,0.000185147,0.00336217,0,No news
1688,126.785,126.984,124.29,129.281,4.99124,0.00018424,-0.00175143,0,No news
1689,126.236,126.785,123.747,128.724,4.97735,0.000184896,-0.00452968,0,No news
1690,126.38,126.236,123.878,128.882,5.00478,0.000186318,0.000955441,0,No news
1691,127.277,126.38,124.76,129.794,5.03444,0.00018741,0.00688777,0,No news
1692,128.198,127.277,125.681,130.716,5.03512,0.000187469,0.00702397,0,No news
1693,127.739,128.198,125.249,130.23,4.98112,0.000186614,-0.00377552,0,No news
1694,126.733,127.739,124.253,129.213,4.95953,0.000186713,-0.00809493,0,No news
1695,126.332,126.733,123.84,128.823,4.98321,0.000186425,-0.00335782,0,No news
1696,127.233,126.332,124.715,129.75,5.03459,0.000188085,0.00691801,0,No news
1697,127.879,127.233,125.367,130.391,5.02442,0.00018656,0.00488356,0,No news
1698,127.098,127.879,124.614,129.582,4.96842,0.000185335,-0.00631557,0,No news
1699,126.906,127.098,124.411,129.402,4.99153,0.000185976,-0.0016932,0,No news
1700,126.616,126.906,124.122,129.11,4.98761,0.000188521,-0.0024775,0,No news
1701,126.708,126.616,124.207,129.21,5.00269,0.000189274,0.000538669,0,No news
1702,126.718,126.708,124.219,129.218,4.99947,0.00018555,-0.000105989,0,No news
1703,126.58,126.718,124.083,129.077,4.99361,0.000185351,-0.00127885,0,No news
1704,125.879,126.58,123.393,128.365,4.97131,0.000184141,-0.00573751,0,No news
1705,125.809,125.879,123.311,128.307,4.99631,0.000180778,-0.000737368,0,No news
1706,126.543,125.809,124.029,129.057,5.0282,0.000181515,0.0056392,0,No news
1707,127.071,126.543,124.561,129.581,5.01989,0.000183112,0.00397873,0,No news
1708,126.911,127.071,124.415,129.407,4.99279,0.000180572,-0.00144164,0,No news
1709,127.476,126.911,124.965,129.987,5.02132,0.000176507,0.00426454,0,No news
1710,123.435,127.476,120.89,125.979,5.08855,7.46612e-05,0.0177109,-0.05,"Global macro uncertainty rises"
1711,123.894,123.435,121.385,126.403,5.01825,6.15625e-05,0.00365014,0,No news
1712,126.42,123.894,123.869,128.97,5.10064,5.48364e-05,0.020128,0,No news
1713,124.873,126.42,122.404,127.341,4.93757,0.000172352,-0.0124861,0,No news
1714,123.327,124.873,120.859,125.796,4.93687,0.000172492,-0.0126252,0,No news
1715,127.557,123.327,125.048,130.066,5.01786,0.000153731,0.00357122,0.03,"Rumor: firm exploring strategic options"
1716,127.375,127.557,124.879,129.871,4.99206,0.000155322,-0.00158852,0,No news
1717,128.071,127.375,125.558,130.584,5.02638,0.000176001,0.00527667,0,No news
1718,126.392,128.071,123.926,128.859,4.93314,0.000178195,-0.0133722,0,No news
1719,127.145,126.392,124.631,129.659,5.02879,0.000178615,0.00575777,0,No news
1720,126.235,127.145,123.754,128.717,4.96321,0.000178463,-0.00735751,0,No news
1721,126.61,126.235,124.103,129.117,5.01391,0.000178267,0.00278216,0,No news
1722,126.419,126.61,123.923,128.915,4.99157,0.000178093,-0.0016867,0,No news
1723,125.015,126.419,122.543,127.486,4.94327,0.000177113,-0.0113465,0,No news
1724,124.022,125.015,121.542,126.502,4.95925,0.000178918,-0.00814993,0,No news
1725,124.634,124.022,122.122,127.146,5.02374,0.000176183,0.00474767,0,No news
1726,123.446,124.634,120.97,125.922,4.95122,0.0001758,-0.0097553,0,No news
1727,124.664,123.446,122.14,127.189,5.04824,0.000174205,0.0096477,0,No news
1728,124.655,124.664,122.155,127.154,4.99874,0.000172945,-0.000251057,0,No news
1729,124.926,124.655,122.421,127.431,5.01001,0.000171515,0.00200173,0,No news
1730,125.811,124.926,123.294,128.328,5.03445,0.000169343,0.00689058,0,No news
1731,125.206,125.811,122.718,127.694,4.97505,0.000169881,-0.00499047,0,No news
1732,125.727,125.206,123.217,128.237,5.0199,0.000170835,0.0039796,0,No news
1733,125.06,125.727,122.573,127.546,4.97254,0.000171633,-0.00549272,0,No news
1734,126.099,125.06,123.578,128.619,5.04052,0.000171644,0.0081031,0,No news
1735,119.494,126.099,117.003,121.984,4.98069,6.10042e-05,-0.00386164,-0.05,"Global macro uncertainty rises"
1736,119.643,119.494,117.14,122.146,5.00595,5.83402e-05,0.00119081,0,No news
1737,120.742,119.643,118.219,123.264,5.04532,7.41003e-05,0.00906482,0,No news
1738,120.776,120.742,118.276,123.276,5.00056,0.000174091,0.00011279,0,No news
1739,121.872,120.776,119.35,124.395,5.04432,0.00017171,0.00886444,0,No news
1740,121.112,121.872,118.628,123.596,4.96787,0.00016985,-0.0064267,0,No news
1741,122.125,121.112,119.605,124.646,5.04078,0.000171769,0.00815641,0,No news
1742,122.025,122.125,119.527,124.522,4.99501,0.000175919,-0.000998367,0,No news
1743,120.593,122.025,118.123,123.063,4.9401,0.000174988,-0.0119809,0,No news
1744,121.413,120.593,118.896,123.929,5.03301,0.000174488,0.00660204,0,No news
1745,122.739,121.413,120.213,125.266,5.05346,0.000177624,0.0106921,0,No news
1746,123.195,122.739,120.686,125.704,5.01761,0.000179631,0.00352252,0,No news
1747,123.269,123.195,120.768,125.77,5.00212,0.000179798,0.000424153,0,No news
1748,124.18,123.269,121.662,126.698,5.0359,0.000182189,0.00717992,0,No news
1749,125.375,124.18,122.852,127.899,5.04699,0.000181605,0.00939743,0,No news
1750,119.052,125.375,116.556,121.547,4.9907,0.00010608,-0.00185975,-0.05,"Global macro uncertainty rises"
1751,119.139,119.052,116.637,121.64,5.00314,0.000104804,0.000627092,0,No news
1752,118.902,119.139,116.407,121.397,4.98955,0.000100599,-0.00209092,0,No news
1753,118.953,118.902,116.453,121.454,5.00126,0.0001783,0.000252695,0,No news
1754,119.03,118.953,116.528,121.531,5.00229,0.000183655,0.000457451,0,No news
1755,118.412,119.03,115.926,120.899,4.97309,0.000181423,-0.00538218,0,No news
1756,117.886,118.412,115.397,120.374,4.97682,0.000183192,-0.0046368,0,No news
1757,117.615,117.886,115.122,120.109,4.98759,0.00018501,-0.00248207,0,No news
1758,118.622,117.615,116.101,121.143,5.04169,0.000183491,0.0083383,0,No news
1759,118.433,118.622,115.938,120.929,4.99111,0.000187375,-0.00177816,0,No news
1760,118.571,118.433,116.068,121.073,5.00486,0.000186926,0.000971442,0,No news
1761,120.103,118.571,117.646,122.559,4.91329,0.000181058,-0.0173423,0.03,"Rumor: firm exploring strategic options"
1762,121.953,120.103,119.415,124.49,5.07546,0.000191472,0.0150929,0,No news
1763,121.641,121.953,119.147,124.134,4.98626,0.000186841,-0.00274875,0,No news
1764,121.807,121.641,119.304,124.31,5.00592,0.000186583,0.00118302,0,No news
1765,121.911,121.807,119.409,124.413,5.00331,0.000187482,0.000662907,0,No news
1766,123.116,121.911,120.592,125.64,5.04824,0.000186957,0.00964761,0,No news
1767,124.233,123.116,121.711,126.756,5.04426,0.000185462,0.00885193,0,No news
1768,124.056,124.233,121.56,126.552,4.9919,0.00018753,-0.00161976,0,No news
1769,122.954,124.056,120.477,125.431,4.95446,0.000187175,-0.0091075,0,No news
1770,123.381,122.954,120.873,125.889,5.01642,0.000185345,0.00328313,0,No news
1771,123.291,123.381,120.793,125.789,4.99542,0.000185934,-0.000915888,0,No news
1772,122.786,123.291,120.297,125.276,4.97856,0.000183888,-0.00428726,0,No news
1773,122.629,122.786,120.133,125.126,4.9927,0.000181613,-0.00146095,0,No news
1774,122.716,122.629,120.214,125.217,5.00262,0.00018021,0.000523504,0,No news
1775,122.006,122.716,119.521,124.491,4.97011,0.000175726,-0.00597746,0,No news
1776,120.829,122.006,118.353,123.304,4.95064,0.000176934,-0.00987149,0,No news
1777,121.386,120.829,118.875,123.898,5.02213,0.000179145,0.00442684,0,No news
1778,122.083,121.386,119.569,124.597,5.02773,0.000175897,0.00554615,0,No news
1779,121.375,122.083,118.89,123.86,4.97003,0.000175916,-0.00599408,0,No news
1780,120.594,121.375,118.11,123.077,4.96685,0.000173986,-0.00663023,0,No news
1781,120.371,120.594,117.876,122.866,4.98988,0.000176874,-0.00202459,0,No news
1782,119.412,120.371,116.932,121.892,4.9591,0.00018088,-0.00817997,0,No news
1783,118.22,119.412,115.746,120.695,4.94896,0.000177193,-0.0102071,0,No news
1784,118.294,118.22,115.793,120.795,5.0022,0.000179568,0.000440997,0,No news
1785,118.144,118.294,115.647,120.64,4.99275,0.000179334,-0.00144931,0,No news
1786,118.722,118.144,116.211,121.234,5.02352,0.000183039,0.00470494,0,No news
1787,119.53,118.722,117.014,122.047,5.03298,0.000183808,0.00659602,0,No news
1788,120.165,119.53,117.652,122.677,5.02555,0.00018489,0.00510952,0,No news
1789,119.872,120.165,117.379,122.366,4.98691,0.000182688,-0.00261857,0,No news
1790,118.96,119.872,116.48,121.441,4.96091,0.0001811,-0.00781751,0,No news
1791,119.853,118.96,117.334,122.371,5.03646,0.000180614,0.00729218,0,No news
1792,121.655,119.853,119.118,124.192,5.07373,0.000179633,0.0147467,0,No news
1793,121.397,121.655,118.903,123.891,4.98848,0.000178515,-0.00230428,0,No news
1794,122.855,121.397,120.325,125.384,5.05883,0.000172478,0.0117661,0,No news
1795,122.233,122.855,119.746,124.72,4.97375,0.000175995,-0.00525073,0,No news
1796,122.758,122.233,120.248,125.269,5.02056,0.000178138,0.00411124,0,No news
1797,123.234,122.758,120.725,125.743,5.01844,0.000176984,0.00368868,0,No news
1798,122.782,123.234,120.292,125.273,4.98075,0.00018022,-0.003849,0,No news
1799,121.473,122.782,119,123.946,4.94549,0.000180509,-0.0109024,0,No news
1800,122.44,121.473,119.92,124.959,5.03871,0.00018212,0.007743,0,No news
1801,123.396,122.44,120.877,125.915,5.03797,0.0001848,0.00759338,0,No news
1802,123.219,123.396,120.723,125.715,4.99192,0.000182952,-0.0016167,0,No news
1803,123.792,123.219,121.281,126.303,5.02227,0.000184073,0.00445472,0,No news
1804,123.349,123.792,120.858,125.84,4.98116,0.000185375,-0.00376845,0,No news
1805,122.039,123.349,119.566,124.512,4.9457,0.000185418,-0.0108598,0,No news
1806,121.884,122.039,119.387,124.38,4.99268,0.000187646,-0.00146479,0,No news
1807,121.439,121.884,118.949,123.93,4.9808,0.000186943,-0.00383909,0,No news
1808,120.539,121.439,118.058,123.02,4.96187,0.000187243,-0.00762585,0,No news
1809,120.695,120.539,118.192,123.198,5.00552,0.000185816,0.00110466,0,No news
1810,121.019,120.695,118.513,123.525,5.01249,0.000185328,0.00249772,0,No news
1811,120.741,121.019,118.247,123.235,4.98757,0.000185206,-0.0024863,0,No news
1812,120.867,120.741,118.365,123.369,5.00431,0.000183319,0.000861957,0,No news
1813,120.884,120.867,118.384,123.384,4.99976,0.000183609,-4.70917e-05,0,No news
1814,120.791,120.884,118.293,123.288,4.99523,0.000183666,-0.000954552,0,No news
1815,120.185,120.791,117.698,122.672,4.97393,0.000182898,-0.00521312,0,No news
1816,117.203,120.185,114.692,119.715,5.0237,0.000142647,0.0047405,-0.03,"Rumor: firm exploring strategic options"
1817,118.181,117.203,115.66,120.701,5.04081,0.000143277,0.00816134,0,No news
1818,117.852,118.181,115.359,120.344,4.98514,0.000183946,-0.00297255,0,No news
1819,118.66,117.852,116.144,121.177,5.03328,0.000182961,0.00665538,0,No news
1820,119.133,118.66,116.624,121.643,5.01897,0.000182173,0.00379317,0,No news
1821,119.825,119.133,117.311,122.339,5.02802,0.000182486,0.00560463,0,No news
1822,120.068,119.825,117.564,122.573,5.00924,0.000183507,0.00184846,0,No news
1823,120.496,120.068,117.988,123.005,5.01689,0.000178766,0.00337794,0,No news
1824,120.205,120.496,117.712,122.699,4.98702,0.000179595,-0.00259682,0,No news
1825,120.854,120.205,118.341,123.367,5.02601,0.000179739,0.00520221,0,No news
1826,120.394,120.854,117.904,122.884,4.98004,0.000179464,-0.00399243,0,No news
1827,120.525,120.394,118.022,123.027,5.00452,0.00018071,0.00090473,0,No news
1828,120.874,120.525,118.367,123.381,5.01356,0.000180637,0.00271283,0,No news
1829,122.974,120.874,120.432,125.517,5.08524,0.000178878,0.0170474,0,No news
1830,130.283,122.974,127.764,132.802,5.03777,0.000177607,0.00755477,0.05,"Global macro uncertainty rises"
1831,132.927,130.283,130.502,135.352,4.84973,0.000145049,-0.0300535,0.05,"Global macro uncertainty rises"
1832,133.921,132.927,131.403,136.439,5.03663,0.000126536,0.00732507,0,No news
1833,131.177,133.921,128.729,133.625,4.89567,0.000162716,-0.020866,0,No news
1834,130.298,131.177,127.816,132.781,4.96551,0.000177986,-0.00689793,0,No news
1835,131.38,130.298,128.86,133.9,5.04047,0.000173407,0.00809417,0,No news
1836,130.026,131.38,127.552,132.5,4.94732,0.000174909,-0.0105355,0,No news
1837,131.035,130.026,128.516,133.554,5.03778,0.000174497,0.0075553,0,No news
1838,130.283,131.035,127.798,132.768,4.97033,0.000178135,-0.0059339,0,No news
1839,130.988,130.283,128.475,133.501,5.02609,0.000180298,0.00521819,0,No news
1840,130.758,130.988,128.263,133.254,4.99032,0.000180999,-0.00193532,0,No news
1841,130.1,130.758,127.613,132.587,4.97385,0.000180679,-0.00523061,0,No news
1842,131.108,130.1,128.589,133.626,5.03766,0.000183289,0.00753293,0,No news
1843,131.272,131.108,128.769,133.774,5.00535,0.000180655,0.00107021,0,No news
1844,132.299,131.272,129.78,134.818,5.03807,0.000180185,0.0076138,0,No news
1845,138.433,132.299,135.945,140.921,4.97577,0.000171236,-0.00484607,0.05,"Global macro uncertainty rises"
1846,140.71,138.433,138.169,143.25,5.0807,0.000170987,0.0161401,0,No news
1847,139.644,140.71,137.163,142.124,4.96113,0.00017064,-0.00777494,0,No news
1848,140.234,139.644,137.724,142.745,5.02021,0.000179449,0.00404131,0,No news
1849,140.751,140.234,138.242,143.26,5.01749,0.000178402,0.00349732,0,No news
1850,141.435,140.751,138.924,143.947,5.02335,0.000180022,0.00467052,0,No news
1851,140.851,141.435,138.361,143.34,4.97839,0.000179974,-0.0043225,0,No news
1852,140.473,140.851,137.98,142.966,4.98568,0.000178494,-0.00286323,0,No news
1853,139.683,140.473,137.198,142.169,4.97091,0.000181507,-0.00581825,0,No news
1854,140.175,139.683,137.666,142.683,5.01665,0.000181844,0.00332901,0,No news
1855,140.015,140.175,137.519,142.512,4.9934,0.000183379,-0.00131964,0,No news
1856,140.744,140.015,138.232,143.257,5.02504,0.000185412,0.00500763,0,No news
1857,142.053,140.744,139.531,144.576,5.04538,0.000182512,0.00907522,0,No news
1858,142.809,142.053,140.296,145.322,5.02563,0.000180757,0.00512526,0,No news
1859,142.969,142.809,140.467,145.472,5.00469,0.000184428,0.000937008,0,No news
1860,143.643,142.969,141.132,146.155,5.02259,0.000185247,0.00451811,0,No news
1861,143.791,143.643,141.289,146.293,5.00418,0.000189032,0.000835814,0,No news
1862,144.505,143.791,141.993,147.017,5.02384,0.000189326,0.00476799,0,No news
1863,143.896,144.505,141.407,146.385,4.97794,0.000187132,-0.00441201,0,No news
1864,144.072,143.896,141.569,146.574,5.00515,0.000188418,0.00103052,0,No news
1865,144.142,144.072,141.641,146.643,5.00151,0.000185832,0.000301698,0,No news
1866,143.767,144.142,141.274,146.26,4.98603,0.000187775,-0.00279454,0,No news
1867,143.955,143.767,141.452,146.458,5.00562,0.000187482,0.00112307,0,No news
1868,143.582,143.955,141.089,146.075,4.98607,0.000188498,-0.00278663,0,No news
1869,144.289,143.582,141.778,146.801,5.02364,0.00018983,0.00472796,0,No news
1870,144.057,144.289,141.561,146.552,4.99098,0.000190888,-0.00180316,0,No news
1871,143.226,144.057,140.74,145.711,4.9701,0.00019148,-0.00597978,0,No news
1872,143.862,143.226,141.351,146.372,5.02119,0.000192458,0.00423825,0,No news
1873,143.464,143.862,140.972,145.957,4.98521,0.000193702,-0.00295793,0,No news
1874,143.458,143.464,140.959,145.957,4.9988,0.000194903,-0.000240063,0,No news
1875,143.424,143.458,140.925,145.923,4.99785,0.000193155,-0.000430308,0,No news
1876,143.08,143.424,140.586,145.573,4.98702,0.000193088,-0.00259586,0,No news
1877,143.679,143.08,141.169,146.189,5.01993,0.000193153,0.00398641,0,No news
1878,144.718,143.679,142.2,147.235,5.03505,0.000193007,0.00700927,0,No news
1879,144.699,144.718,142.2,147.198,4.99841,0.000191626,-0.000318007,0,No news
1880,145.591,144.699,143.076,148.106,5.02977,0.00019175,0.00595336,0,No news
1881,146.379,145.591,143.866,148.892,5.02602,0.000191594,0.00520312,0,No news
1882,146.277,146.379,143.779,148.775,4.99559,0.000189067,-0.000882892,0,No news
1883,146.942,146.277,144.431,149.453,5.02172,0.000188585,0.00434475,0,No news
1884,147.493,146.942,144.984,150.002,5.01777,0.000187488,0.00355485,0,No news
1885,146.989,147.493,144.498,149.48,4.98196,0.000189366,-0.00360885,0,No news
1886,147.75,146.989,145.238,150.263,5.02488,0.00019002,0.00497541,0,No news
1887,148.616,147.75,146.102,151.13,5.02823,0.000191541,0.00564686,0,No news
1888,149.324,148.616,146.812,151.835,5.02281,0.000190603,0.00456176,0,No news
1889,149.392,149.324,146.891,151.892,5.00132,0.000191719,0.00026454,0,No news
1890,149.563,149.392,147.061,152.066,5.00478,0.000191373,0.000956734,0,No news
1891,149.433,149.563,146.936,151.93,4.99468,0.000191021,-0.00106322,0,No news
1892,150.063,149.433,147.553,152.573,5.02009,0.000190859,0.00401734,0,No news
1893,156.018,150.063,153.496,158.539,5.04355,0.000202405,0.00871013,0.03,"Rumor: firm exploring strategic options"
1894,155.129,156.018,152.644,157.614,4.97044,0.000199502,-0.005911,0,No news
1895,155.712,155.129,153.203,158.221,5.01779,0.00019062,0.00355899,0,No news
1896,163.777,155.712,161.276,166.278,5.00142,0.000215243,0.000283794,0.05,"Global macro uncertainty rises"
1897,163.104,163.777,160.615,165.593,4.97833,0.000215567,-0.00433341,0,No news
1898,162.478,163.104,159.988,164.968,4.97969,0.000215201,-0.00406193,0,No news
1899,162.103,162.478,159.609,164.596,4.98749,0.000190438,-0.00250263,0,No news
1900,160.999,162.103,158.516,163.481,4.96489,0.000189413,-0.00702299,0,No news
1901,161.037,160.999,158.537,163.538,5.00026,0.000189631,5.15943e-05,0,No news
1902,152.728,161.037,150.235,155.22,4.98445,0.000127958,-0.00310914,-0.05,"Global macro uncertainty rises"
1903,146.495,152.728,143.974,149.016,5.04139,5.8871e-05,0.00827774,-0.05,"Global macro uncertainty rises"
1904,146.36,146.495,143.862,148.857,4.99513,4.88334e-05,-0.000973627,0,No news
1905,148.331,146.36,145.798,150.864,5.06623,0.000131471,0.0132459,0,No news
1906,147.58,148.331,145.093,150.067,4.97367,0.000191902,-0.00526618,0,No news
1907,147.652,147.58,145.152,150.153,5.00148,0.000193991,0.000295762,0,No news
1908,148.124,147.652,145.616,150.631,5.01497,0.000194193,0.00299493,0,No news
1909,148.286,148.124,145.784,150.788,5.00449,0.000193617,0.000898767,0,No news
1910,148.811,148.286,146.303,151.319,5.01671,0.000193879,0.00334226,0,No news
1911,149.381,148.811,146.872,151.89,5.01816,0.000191937,0.00363115,0,No news
1912,149.814,149.381,147.307,152.32,5.01349,0.000192454,0.00269818,0,No news
1913,149.293,149.814,146.802,151.784,4.98163,0.000192885,-0.00367445,0,No news
1914,144.652,149.293,142.157,147.148,4.99129,0.000166731,-0.00174299,-0.03,"Rumor: firm exploring strategic options"
1915,146.15,144.652,143.625,148.675,5.05067,0.000166478,0.0101338,0,No news
1916,146.72,146.15,144.211,149.23,5.0185,0.000194505,0.00369986,0,No news
1917,145.954,146.72,143.467,148.44,4.97283,0.000194781,-0.00543457,0,No news
1918,146.418,145.954,143.911,148.926,5.01492,0.000195198,0.00298355,0,No news
1919,146.603,146.418,144.101,149.106,5.00535,0.000194918,0.00106926,0,No news
1920,146.167,146.603,143.675,148.659,4.98413,0.000193725,-0.00317306,0,No news
1921,145.295,146.167,142.811,147.78,4.9691,0.000194686,-0.00618015,0,No news
1922,145.569,145.295,143.065,148.073,5.00845,0.000193895,0.00169079,0,No news
1923,145.041,145.569,142.551,147.532,4.98087,0.000193185,-0.00382529,0,No news
1924,144.548,145.041,142.057,147.039,4.982,0.000194692,-0.00359957,0,No news
1925,145.125,144.548,142.616,147.635,5.01893,0.000195444,0.00378663,0,No news
1926,144.97,145.125,142.474,147.467,4.9937,0.000194627,-0.00126077,0,No news
1927,144.719,144.97,142.224,147.214,4.99035,0.000194365,-0.00193014,0,No news
1928,144.26,144.719,141.769,146.752,4.98316,0.000194033,-0.00336833,0,No news
1929,143.897,144.26,141.404,146.39,4.98642,0.000193307,-0.00271522,0,No news
1930,143.713,143.897,141.216,146.209,4.99263,0.000192465,-0.00147412,0,No news
1931,144.484,143.713,141.971,146.997,5.0258,0.000193294,0.00516072,0,No news
1932,144.361,144.484,141.863,146.858,4.99476,0.000193116,-0.00104861,0,No news
1933,143.714,144.361,141.226,146.203,4.9766,0.000192312,-0.00468061,0,No news
1934,143.665,143.714,141.166,146.163,4.99732,0.000191036,-0.000535622,0,No news
1935,142.799,143.665,140.314,145.283,4.96881,0.000190293,-0.0062375,0,No news
1936,142.828,142.799,140.328,145.328,5.00009,0.000190774,1.7902e-05,0,No news
1937,143.267,142.828,140.76,145.775,5.0144,0.000189456,0.00287985,0,No news
1938,143.482,143.267,140.979,145.985,5.00653,0.000189974,0.00130619,0,No news
1939,139.062,143.482,136.566,141.559,4.9928,0.000152613,-0.00144098,-0.03,"Rumor: firm exploring strategic options"
1940,137.243,139.062,134.777,139.71,4.9334,0.000153731,-0.0133195,0,No news
1941,136.242,137.243,133.761,138.723,4.96245,0.000189096,-0.00750939,0,No news
1942,136.846,136.242,134.335,139.356,5.02115,0.000189254,0.00422917,0,No news
1943,137.483,136.846,134.972,139.994,5.02229,0.000191891,0.0044575,0,No news
1944,137.497,137.483,134.997,139.996,4.99952,0.000192263,-9.52685e-05,0,No news
1945,136.737,137.497,134.251,139.222,4.97132,0.000192807,-0.00573635,0,No news
1946,137.655,136.737,135.139,140.172,5.03252,0.000193604,0.00650432,0,No news
1947,137.081,137.655,134.592,139.57,4.97811,0.000194616,-0.00437712,0,No news
1948,137.075,137.081,134.575,139.574,4.9988,0.000194494,-0.000240135,0,No news
1949,137.107,137.075,134.607,139.607,5.00019,0.000194775,3.89704e-05,0,No news
1950,136.9,137.107,134.404,139.396,4.99149,0.000194208,-0.00170267,0,No news
1951,137.342,136.9,134.835,139.85,5.01516,0.00019403,0.00303131,0,No news
1952,136.527,137.342,134.043,139.012,4.96927,0.00019491,-0.00614612,0,No news
1953,137.534,136.527,135.016,140.052,5.03576,0.00019433,0.00715249,0,No news
1954,137.64,137.534,135.139,140.142,5.00288,0.000194338,0.000576491,0,No news
1955,138.272,137.64,135.761,140.783,5.02193,0.0001946,0.00438509,0,No news
1956,138.228,138.272,135.73,140.727,4.99745,0.000194669,-0.000510514,0,No news
1957,138.053,138.228,135.557,140.549,4.99268,0.000193844,-0.00146391,0,No news
1958,138.399,138.053,135.893,140.905,5.01155,0.000194986,0.0023097,0,No news
1959,138.098,138.399,135.604,140.592,4.98814,0.000195458,-0.00237146,0,No news
1960,138.049,138.098,135.55,140.547,4.99724,0.000193632,-0.000552264,0,No news
1961,138.089,138.049,135.588,140.589,5.00048,0.00019314,9.58913e-05,0,No news
1962,138.398,138.089,135.893,140.903,5.01023,0.000194009,0.00204609,0,No news
1963,138.146,138.398,135.651,140.64,4.98989,0.000193711,-0.00202194,0,No news
1964,137.945,138.146,135.449,140.441,4.99176,0.000193285,-0.00164703,0,No news
1965,137.498,137.945,135.006,139.989,4.98279,0.00019434,-0.00344103,0,No news
1966,137.37,137.498,134.873,139.867,4.99438,0.000194095,-0.00112473,0,No news
1967,137.376,137.37,134.876,139.876,4.99927,0.000192594,-0.000146541,0,No news
1968,137.471,137.376,134.97,139.973,5.0025,0.000193409,0.000499241,0,No news
1969,137.466,137.471,134.967,139.966,4.99884,0.000194617,-0.000231804,0,No news
1970,137.57,137.466,135.068,140.071,5.00279,0.000194336,0.000558723,0,No news
1971,138.768,137.57,136.247,141.29,5.04241,0.000193082,0.00848175,0,No news
1972,139.365,138.768,136.855,141.875,5.02049,0.00019237,0.00409785,0,No news
1973,131.505,139.365,129.025,133.985,4.95912,0.000125714,-0.00817666,-0.05,"Global macro uncertainty rises"
1974,131.007,131.505,128.517,133.497,4.9804,0.000125086,-0.00392096,0,No news
1975,131.333,131.007,128.827,133.839,5.01182,0.000120834,0.00236468,0,No news
1976,131.364,131.333,128.864,133.864,5.00024,0.000189066,4.73328e-05,0,No news
1977,130.594,131.364,128.109,133.079,4.96967,0.00018759,-0.00606562,0,No news
1978,130.075,130.594,127.586,132.565,4.97916,0.00018873,-0.0041686,0,No news
1979,130.828,130.075,128.315,133.342,5.02793,0.000188276,0.00558567,0,No news
1980,130.901,130.828,128.4,133.402,5.00183,0.000190928,0.000365223,0,No news
1981,131.398,130.901,128.889,133.907,5.01798,0.000192014,0.00359656,0,No news
1982,131.484,131.398,128.982,133.985,5.00229,0.000192281,0.000457624,0,No news
1983,132.027,131.484,129.518,134.537,5.01968,0.000192284,0.00393596,0,No news
1984,131.433,132.027,128.945,133.921,4.97648,0.000189819,-0.00470407,0,No news
1985,131.621,131.433,129.117,134.124,5.00618,0.00019102,0.00123619,0,No news
1986,132.087,131.621,129.579,134.596,5.01675,0.000191978,0.00334907,0,No news
1987,131.829,132.087,129.334,134.324,4.98926,0.000190685,-0.0021488,0,No news
1988,131.721,131.829,129.223,134.218,4.99493,0.000191604,-0.001014,0,No news
1989,131.9,131.721,129.397,134.403,5.00586,0.000191484,0.00117196,0,No news
1990,131.542,131.9,129.049,134.035,4.98543,0.000193876,-0.00291424,0,No news
1991,131.265,131.542,128.771,133.76,4.98851,0.000194252,-0.00229896,0,No news
1992,130.801,131.265,128.31,133.291,4.98129,0.000196449,-0.00374243,0,No news
1993,130.803,130.801,128.303,133.303,4.99909,0.00019718,-0.000181046,0,No news
1994,130.71,130.803,128.213,133.208,4.99548,0.000197386,-0.000904965,0,No news
1995,130.912,130.71,128.408,133.415,5.0067,0.000196995,0.00134039,0,No news
1996,130.965,130.912,128.464,133.465,5.00104,0.000196915,0.000207888,0,No news
1997,130.849,130.965,128.352,133.347,4.99462,0.000197346,-0.00107649,0,No news
1998,130.845,130.849,128.346,133.345,4.99884,0.000197987,-0.000231356,0,No news
1999,131.079,130.845,128.575,133.582,5.00792,0.000197728,0.0015847,0,No news
2000,131.175,131.079,128.674,133.676,5.00269,0.000197815,0.000537355,0,No news
2001,131.19,131.175,128.69,133.69,4.99958,0.000198394,-8.36857e-05,0,No news
2002,131.226,131.19,128.726,133.726,5.00037,0.000198411,7.407e-05,0,No news
2003,131.263,131.226,128.763,133.763,5.00043,0.000198398,8.57904e-05,0,No news
2004,131.291,131.263,128.791,133.791,5.00007,0.000198364,1.42241e-05,0,No news
2005,131.076,131.291,128.581,133.572,4.99083,0.000198096,-0.00183442,0,No news
2006,131.227,131.076,128.725,133.729,5.00476,0.000198058,0.00095106,0,No news
2007,131.28,131.227,128.78,133.781,5.00103,0.000198382,0.000206163,0,No news
2008,131.306,131.28,128.806,133.806,5,0.000198413,7.02805e-07,0,No news
2009,131.333,131.306,128.833,133.833,5.00003,0.000198413,6.04209e-06,0,No news
2010,131.36,131.333,128.86,133.86,5.00003,0.000198413,5.32802e-06,0,No news
2011,131.371,131.36,128.871,133.871,4.99943,0.000198402,-0.00011396,0,No news
2012,124.936,131.371,122.437,127.435,4.9981,0.000158566,-0.000380449,-0.05,"Global macro uncertainty rises"
2013,124.933,124.936,122.433,127.432,4.99906,0.000158543,-0.000187601,0,No news
2014,125.03,124.933,122.528,127.532,5.00311,0.000158068,0.000621692,0,No news
2015,125.004,125.03,122.505,127.503,4.99796,0.000198235,-0.000408636,0,No news
